input_text,reg_numbers
Банк России 26.02.2024 принял решение зарегистрировать изменения и дополнения в правила доверительного управления паевыми инвестиционными фондами со следующими полными названиями: Открытый паевой инвестиционный фонд рыночных финансовых инструментов «Первая – Золото»; Биржевой паевой инвестиционный фонд рыночных финансовых инструментов «Первая – Фонд Валютных Облигаций».,None
Банк России 27.04.2024 принял решение зарегистрировать изменения и дополнения в правила доверительного управления паевыми инвестиционными фондами со следующими полными названиями: Открытый паевой инвестиционный фонд рыночных финансовых инструментов «ДОХОДЪ. Российские акции. Первый эшелон»;  Открытый паевой инвестиционный фонд рыночных финансовых инструментов «ДОХОДЪ. Мультифакторные инвестиции. Россия»; Открытый паевой инвестиционный фонд рыночных финансовых инструментов «ДОХОДЪ. Перспективные облигации. Россия»;  Закрытый паевой инвестиционный фонд недвижимости «ДОХОДЪ - Рентная недвижимость».,None
Банк России 24.06.2024 принял решение зарегистрировать изменения и дополнения в правила доверительного управления паевыми инвестиционными фондами со следующими полными названиями: Открытый паевой инвестиционный фонд рыночных финансовых инструментов «Еврооблигации»; Открытый паевой инвестиционный фонд рыночных финансовых инструментов «Первая – Валютные сбережения»;Закрытый паевой инвестиционный фонд рыночных финансовых инструментов «Заблокированные активы паевого инвестиционного фонда «Первая – Потребительский сектор»»; Закрытый паевой инвестиционный фонд рыночных финансовых инструментов «Первая – Глобальный Интернет»; Закрытый паевой инвестиционный фонд рыночных финансовых инструментов «Первая – Фонд Блокчейн Экономика»; Закрытый паевой инвестиционный фонд рыночных финансовых инструментов «Первая – Биотехнологии»»;Закрытый паевой инвестиционный фонд рыночных финансовых инструментов «Заблокированные активы паевого инвестиционного фонда «Первая – Фонд осторожный смарт»».,None
Банк России 02.09.2024 принял решение зарегистрировать изменения и дополнения в правила доверительного управления паевым инвестиционным фондом со следующим полным названием: Закрытый паевой инвестиционный фонд недвижимости «Современный 8».,None
Банк России 21.09.2023 принял решение зарегистрировать изменения и дополнения в правила доверительного управления паевыми инвестиционными фондами со следующими полными названиями:Открытый паевой инвестиционный фонд рыночных финансовых инструментов «ТКБ Инвестмент Партнерс – Фонд сбалансированный глобальный»; Открытый паевой инвестиционный фонд рыночных финансовых инструментов «ТКБ Инвестмент Партнерс  – Премиум. Фонд акций».Открытый паевой инвестиционный фонд рыночных финансовых инструментов «ТКБ Инвестмент Партнерс – Фонд сбалансированный»; Открытый паевой инвестиционный фонд рыночных финансовых инструментов «ТКБ Инвестмент Партнерс – Золото»; Открытый паевой инвестиционный фонд рыночных финансовых инструментов «ТКБ Инвестмент Партнерс – Фонд облигаций» ;Открытый паевой инвестиционный фонд рыночных финансовых инструментов «ТКБ Инвестмент Партнерс – Фонд акций глобальный»; Открытый паевой инвестиционный фонд рыночных финансовых инструментов «ТКБ Инвестмент Партнерс – Фонд валютных облигаций».,None
Банк России 21.09.2023 принял решение зарегистрировать изменения и дополнения в правила доверительного управления паевыми инвестиционными фондами со следующими полными названиями:Биржевой паевой инвестиционный фонд рыночных финансовых инструментов «Газпромбанк – Корпоративные облигации 4 года»;Биржевой паевой инвестиционный фонд рыночных финансовых инструментов «Газпромбанк – Корпоративные облигации 2 года».,None
Банк России 21.09.2023 принял решение зарегистрировать изменения и дополнения в правила доверительного управления паевым инвестиционным фондом со следующим полным названием: Закрытый паевой инвестиционный фонд недвижимости «Современный Арендный бизнес 7».,None
"Банк России 11.09.2023 принял решение об аннулировании индивидуального кода 013D дополнительного выпуска обыкновенных акций акционерного общества """"Аэропорт Южно-Сахалинск"""" (Сахалинская область) с регистрационным номером 1-01-33085-F-013D от 07.04.2023.",None
"Банк России 19.08.2024 принял решение о приостановлении эмиссии структурных неконвертируемых процентных бездокументарных облигаций серии 01 с залоговым обеспечением, предназначенных для квалифицированных инвесторов, размещаемых путем закрытой подписки, общества с ограниченной ответственностью «Специализированное финансовое общество Форум» (г. Москва).",None
"Банк России 15.08.2024 принял решение о приостановлении эмиссии облигаций бездокументарных процентных неконвертируемых серии 0.1-ННН общества с ограниченной ответственностью """"Яр-Бишкадакский витаминный завод """"Живая Земля"""", (Республика Башкортостан), размещаемых путем закрытой подписки.",None
"Банк России 29.02.2024 принял решение о государственной регистрации выпусков структурных процентных дисконтных неконвертируемых бездокументарных облигаций с централизованным учетом прав серий С-1-971, С-1-972, С-1-973, С-1-974, С-1-975, С-1-976, С-1-977, С-1-978, С-1-979, С-1-980, С-1-981, С-1-982, С-1-983, С-1-984, С-1-985, С-1-986, С-1-987, С-1-988, С-1-989, С-1-990, размещаемых в рамках программы облигаций Банка ВТБ (публичное акционерное общество) (г. Санкт-Петербург). Выпускам ценных бумаг присвоены регистрационные номера 6-971-01000-В-001P, 6-972-01000-В-001P, 6-973-01000-В-001P, 6-974-01000-В-001P, 6-975-01000-В-001P, 6-976-01000-В-001P, 6-977-01000-В-001P, 6-978-01000-В-001P, 6-979-01000-В-001P, 6-980-01000-В-001P, 6-981-01000-В-001P, 6-982-01000-В-001P, 6-983-01000-В-001P, 6-984-01000-В-001P, 6-985-01000-В-001P, 6-986-01000-В-001P, 6-987-01000-В-001P, 6-988-01000-В-001P, 6-989-01000-В-001P и 6-990-01000-В-001P соответственно.","6-971-01000-В-001P, 6-972-01000-В-001P, 6-973-01000-В-001P, 6-974-01000-В-001P, 6-975-01000-В-001P, 6-976-01000-В-001P, 6-977-01000-В-001P, 6-978-01000-В-001P, 6-979-01000-В-001P, 6-980-01000-В-001P, 6-981-01000-В-001P, 6-982-01000-В-001P, 6-983-01000-В-001P, 6-984-01000-В-001P, 6-985-01000-В-001P, 6-986-01000-В-001P, 6-987-01000-В-001P, 6-988-01000-В-001P, 6-989-01000-В-001P, 6-990-01000-В-001P"
"Банк России 19.02.2024 принял решение о государственной регистрации выпусков структурных процентных неконвертируемых бездокументарных облигаций с централизованным учетом прав серий С-1-941, С-1-942, С-1-943, С-1-944, С-1-945, С-1-946, С-1-947, С-1-948, С-1-949, С-1-950, С-1-951, С-1-952, С-1-953, С-1-954, С-1-955, С-1-956, С-1-957, С-1-958, С-1-959, С-1-960, С-1-961, С-1-962, С-1-963, С-1-964, С-1-965, С-1-966, С-1-967, С-1-968, С-1-969, С-1-970, размещаемых в рамках программы облигаций Банка ВТБ (публичное акционерное общество) (г. Санкт-Петербург). Выпускам ценных бумаг присвоены регистрационные номера 6-941-01000-В-001P, 6-942-01000-В-001P, 6-943-01000-В-001P, 6-944-01000-В-001P, 6-945-01000-В-001P, 6-946-01000-В-001P, 6-947-01000-В-001P, 6-948-01000-В-001P, 6-949-01000-В-001P, 6-950-01000-В-001P, 6-951-01000-В-001P, 6-952-01000-В-001P, 6-953-01000-В-001P, 6-954-01000-В-001P, 6-955-01000-В-001P, 6-956-01000-В-001P, 6-957-01000-В-001P, 6-958-01000-В-001P, 6-959-01000-В-001P, 6-960-01000-В-001P, 6-961-01000-В-001P, 6-962-01000-В-001P, 6-963-01000-В-001P, 6-964-01000-В-001P, 6-965-01000-В-001P, 6-966-01000-В-001P, 6-967-01000-В-001P, 6-968-01000-В-001P, 6-969-01000-В-001P, 6-970-01000-В-001P соответственно.","6-941-01000-В-001P, 6-942-01000-В-001P, 6-943-01000-В-001P, 6-944-01000-В-001P, 6-945-01000-В-001P, 6-946-01000-В-001P, 6-947-01000-В-001P, 6-948-01000-В-001P, 6-949-01000-В-001P, 6-950-01000-В-001P, 6-951-01000-В-001P, 6-952-01000-В-001P, 6-953-01000-В-001P, 6-954-01000-В-001P, 6-955-01000-В-001P, 6-956-01000-В-001P, 6-957-01000-В-001P, 6-958-01000-В-001P, 6-959-01000-В-001P, 6-960-01000-В-001P, 6-961-01000-В-001P, 6-962-01000-В-001P, 6-963-01000-В-001P, 6-964-01000-В-001P, 6-965-01000-В-001P, 6-966-01000-В-001P, 6-967-01000-В-001P, 6-968-01000-В-001P, 6-969-01000-В-001P, 6-970-01000-В-001P"
"Банк России 01.11.2023 принял решение о признании выпуска структурных процентных неконвертируемых бездокументарных облигаций с централизованным учетом прав серии С-1-89, размещавшихся в рамках программы облигаций АКЦИОНЕРНОГО ОБЩЕСТВА «АЛЬФА-БАНК», регистрационный номер выпуска 6-89-01326-B-001P, дата государственной регистрации 03.04.2023, несостоявшимся и аннулировании его государственной регистрации.",6-89-01326-B-001P
"Банк России 27.11.2023 принял решение о государственной регистрации выпусков структурных процентных неконвертируемых бездокументарных облигаций с централизованным учетом прав серий С-1-841, С-1-842, С-1-843, С-1-844, С-1-845, С-1-846, С-1-847, С-1-848, С-1-849, С-1-850, С-1-851, С-1-852, С-1-853, С-1-854, С-1-855, С-1-856, С-1-857, С-1-858, С-1-859, С-1-860, размещаемых в рамках программы облигаций Банка ВТБ (публичное акционерное общество) (г. Санкт-Петербург). Выпускам ценных бумаг присвоены регистрационные номера 6-841-01000-В-001P, 6-842-01000-В-001P, 6-843-01000-В-001P, 6-844-01000-В-001P, 6-845-01000-В-001P, 6-846-01000-В-001P, 6-847-01000-В-001P, 6-848-01000-В-001P, 6-849-01000-В-001P, 6-850-01000-В-001P, 6-851-01000-В-001P, 6-852-01000-В-001P, 6-853-01000-В-001P, 6-854-01000-В-001P, 6-855-01000-В-001P, 6-856-01000-В-001P, 6-857-01000-В-001P, 6-858-01000-В-001P, 6-859-01000-В-001P, 6-860-01000-В-001P соответственно.","6-841-01000-В-001P, 6-842-01000-В-001P, 6-843-01000-В-001P, 6-844-01000-В-001P, 6-845-01000-В-001P, 6-846-01000-В-001P, 6-847-01000-В-001P, 6-848-01000-В-001P, 6-849-01000-В-001P, 6-850-01000-В-001P, 6-851-01000-В-001P, 6-852-01000-В-001P, 6-853-01000-В-001P, 6-854-01000-В-001P, 6-855-01000-В-001P, 6-856-01000-В-001P, 6-857-01000-В-001P, 6-858-01000-В-001P, 6-859-01000-В-001P, 6-860-01000-В-001P"
"Банк России 16.11.2023 принял решение о государственной регистрации выпусков структурных процентных дисконтных неконвертируемых бездокументарных облигаций с централизованным учетом прав серий С-1-821, С-1-822, С-1-823, С-1-824, С-1-825, С-1-826, С-1-827, С-1-828, С-1-829, С-1-830, С-1-831, С-1-832, С-1-833, С-1-834, С-1-835, С-1-836, С-1-837, С-1-838, С-1-839, С-1-840, размещаемых в рамках программы облигаций Банка ВТБ (публичное акционерное общество) (г. Санкт-Петербург). Выпускам ценных бумаг присвоены регистрационные номера 6-821-01000-В-001P, 6-822-01000-В-001P, 6-823-01000-В-001P, 6-824-01000-В-001P, 6-825-01000-В-001P, 6-826-01000-В-001P, 6-827-01000-В-001P, 6-828-01000-В-001P, 6-829-01000-В-001P, 6-830-01000-В-001P, 6-831-01000-В-001P, 6-832-01000-В-001P, 6-833-01000-В-001P, 6-834-01000-В-001P, 6-835-01000-В-001P, 6-836-01000-В-001P, 6-837-01000-В-001P, 6-838-01000-В-001P, 6-839-01000-В-001P, 6-840-01000-В-001P соответственно.","6-821-01000-В-001P, 6-822-01000-В-001P, 6-823-01000-В-001P, 6-824-01000-В-001P, 6-825-01000-В-001P, 6-826-01000-В-001P, 6-827-01000-В-001P, 6-828-01000-В-001P, 6-829-01000-В-001P, 6-830-01000-В-001P, 6-831-01000-В-001P, 6-832-01000-В-001P, 6-833-01000-В-001P, 6-834-01000-В-001P, 6-835-01000-В-001P, 6-836-01000-В-001P, 6-837-01000-В-001P, 6-838-01000-В-001P, 6-839-01000-В-001P, 6-840-01000-В-001P"
"Банк России 28.09.2023 принял решение о государственной регистрации выпусков структурных процентных дисконтных неконвертируемых бездокументарных облигаций с централизованным учетом прав серий С-1-752, С-1-753, С-1-754, С-1-755, размещаемых в рамках программы облигаций Банка ВТБ (публичное акционерное общество) (г. Санкт-Петербург). Выпускам ценных бумаг присвоены регистрационные номера 6-752-01000-В-001P, 6-753-01000-В-001P, 6-754-01000-В-001P, 6-755-01000-В-001P соответственно.","6-752-01000-В-001P, 6-753-01000-В-001P, 6-754-01000-В-001P, 6-755-01000-В-001P"
"Банк России 18.09.2023 принял решение о государственной регистрации выпуска структурных процентных дисконтных неконвертируемых бездокументарных облигаций с централизованным учетом прав серии С-1-751, размещаемых в рамках программы облигаций Банка ВТБ (публичное акционерное общество) (г. Санкт-Петербург). Выпуску ценных бумаг присвоен регистрационный номер 6-751-01000-В-001P.",6-751-01000-В-001P
"Банк России 14.09.2023 принял решение о государственной регистрации выпусков структурных  процентных дисконтных неконвертируемых бездокументарных облигаций с централизованным учетом прав серий С-1-741, С-1-742, С-1-743, С-1-744, С-1-745, С-1-746, С-1-747, С-1-748, С-1-749, С-1-750, размещаемых в рамках программы облигаций Банка ВТБ (публичное акционерное общество) (г. Санкт-Петербург). Выпускам ценных бумаг присвоены регистрационные номера 6-741-01000-В-001P, 6-742-01000-В-001P, 6-743-01000-В-001P, 6-744-01000-В-001P, 6-745-01000-В-001P, 6-746-01000-В-001P, 6-747-01000-В-001P, 6-748-01000-В-001P, 6-749-01000-В-001P, 6-750-01000-В-001P соответственно.","6-741-01000-В-001P, 6-742-01000-В-001P, 6-743-01000-В-001P, 6-744-01000-В-001P, 6-745-01000-В-001P, 6-746-01000-В-001P, 6-747-01000-В-001P, 6-748-01000-В-001P, 6-749-01000-В-001P, 6-750-01000-В-001P"
"Банк России 19.02.2024 принял решение о государственной регистрации выпусков облигаций структурных бездокументарных с централизованным учетом прав серий CIB-СО-716, CIB-СО-717, CIB-СО-718, CIB-СО-719, CIB-СО-720, CIB-СО-721, CIB-СО-722, CIB-СО-723, CIB-СО-724, CIB-СО-725, CIB-СО-726, CIB-СО-727, CIB-СО-728, CIB-СО-729, CIB-СО-730, CIB-СО-731, CIB-СО-732, CIB-СО-733, CIB-СО-734, CIB-СО-735, CIB-СО-736, неконвертируемых с залоговым обеспечением, процентных c возможностью получения дополнительного дохода, со сроком погашения, определённым уполномоченным органом эмитента, с возможностью досрочного погашения по требованию их владельцев и досрочного погашения по усмотрению эмитента в случаях, не зависящих от воли эмитента, Акционерного общества """"Сбербанк КИБ"""" (г. Москва), размещаемых путем закрытой подписки. Выпускам присвоены регистрационные номера 6-716-01793-А, 6-717-01793-А, 6-718-01793-А, 6-719-01793-А, 6-720-01793-А, 6-721-01793-А, 6-722-01793-А, 6-723-01793-А, 6-724-01793-А, 6-725-01793-А, 6-726-01793-А, 6-727-01793-А, 6-728-01793-А, 6-729-01793-А, 6-730-01793-А, 6-731-01793-А, 6-732-01793-А, 6-733-01793-А, 6-734-01793-А, 6-735-01793-А и 6-736-01793-А соответственно.","6-716-01793-А, 6-717-01793-А, 6-718-01793-А, 6-719-01793-А, 6-720-01793-А, 6-721-01793-А, 6-722-01793-А, 6-723-01793-А, 6-724-01793-А, 6-725-01793-А, 6-726-01793-А, 6-727-01793-А, 6-728-01793-А, 6-729-01793-А, 6-730-01793-А, 6-731-01793-А, 6-732-01793-А, 6-733-01793-А, 6-734-01793-А, 6-735-01793-А, 6-736-01793-А"
"Банк России 28.09.2023 принял решение о государственной регистрации выпусков облигаций структурных бездокументарных с централизованным учетом прав серий CIB-СО-667, CIB-СО-668, CIB-СО-669, CIB-СО-670, CIB-СО-671, CIB-СО-672, CIB-СО-673, CIB-СО-674, CIB-СО-675, CIB-СО-676, CIB-СО-677, CIB-СО-678, CIB-СО-679, CIB-СО-680, CIB-СО-681, CIB-СО-682, CIB-СО-683, CIB-СО-684, CIB-СО-685, CIB-СО-686, CIB-СО-687, CIB-СО-688, CIB-СО-689, CIB-СО-690, CIB-СО-691, CIB-СО-692, CIB-СО-693, CIB-СО-694, неконвертируемых с залоговым обеспечением, процентных c возможностью получения дополнительного дохода, со сроком погашения, определённым уполномоченным органом эмитента, с возможностью досрочного погашения по требованию их владельцев и досрочного погашения по усмотрению эмитента в случаях, не зависящих от воли эмитента, Акционерного общества """"Сбербанк КИБ"""" (г. Москва), размещаемых путем закрытой подписки. Выпускам присвоены регистрационные номера 6-667-01793-А, 6-668-01793-А, 6-669-01793-А, 6-670-01793-А, 6-671-01793-А, 6-672-01793-А, 6-673-01793-А, 6-674-01793-А, 6-675-01793-А, 6-676-01793-А, 6-677-01793-А, 6-678-01793-А, 6-679-01793-А, 6-680-01793-А, 6-681-01793-А, 6-682-01793-А, 6-683-01793-А, 6-684-01793-А, 6-685-01793-А, 6-686-01793-А, 6-687-01793-А, 6-688-01793-А, 6-689-01793-А, 6-690-01793-А, 6-691-01793-А, 6-692-01793-А, 6-693-01793-А, 6-694-01793-А соответственно.","6-667-01793-А, 6-668-01793-А, 6-669-01793-А, 6-670-01793-А, 6-671-01793-А, 6-672-01793-А, 6-673-01793-А, 6-674-01793-А, 6-675-01793-А, 6-676-01793-А, 6-677-01793-А, 6-678-01793-А, 6-679-01793-А, 6-680-01793-А, 6-681-01793-А, 6-682-01793-А, 6-683-01793-А, 6-684-01793-А, 6-685-01793-А, 6-686-01793-А, 6-687-01793-А, 6-688-01793-А, 6-689-01793-А, 6-690-01793-А, 6-691-01793-А, 6-692-01793-А, 6-693-01793-А, 6-694-01793-А"
"Банк России 18.07.2024 принял решение о государственной регистрации выпусков структурных процентных неконвертируемых бездокументарных облигаций с централизованным учетом прав серий С-1-452, С-1-453, С-1-454, С-1-455, С-1-456, размещаемых в рамках программы облигаций АКЦИОНЕРНОГО ОБЩЕСТВА «АЛЬФА-БАНК» (г. Москва). Выпускам ценных бумаг присвоены регистрационные номера 6-452-01326-B-001P, 6-453-01326-B-001P, 6-454-01326-B-001P, 6-455-01326-B-001P, 6-456-01326-B-001P соответственно.","6-452-01326-B-001P, 6-453-01326-B-001P, 6-454-01326-B-001P, 6-455-01326-B-001P, 6-456-01326-B-001P"
"Банк России 18.07.2024 принял решение о государственной регистрации выпусков структурных процентных неконвертируемых бездокументарных облигаций с централизованным учетом прав серий С-1-432, С-1-433, С-1-434, С-1-435, С-1-436, С-1-437, С-1-438, С-1-439, С-1-440, С-1-441, С-1-442, С-1-443, С-1-444, С-1-445, С-1-446, С-1-447, С-1-448, С-1-449, С-1-450 и С-1-451, размещаемых в рамках программы облигаций АКЦИОНЕРНОГО ОБЩЕСТВА «АЛЬФА-БАНК» (г. Москва). Выпускам ценных бумаг присвоены регистрационные номера 6-432-01326-B-001P, 6-433-01326-B-001P, 6-434-01326-B-001P, 6-435-01326-B-001P, 6-436-01326-B-001P, 6-437-01326-B-001P, 6-438-01326-B-001P, 6-439-01326-B-001P, 6-440-01326-B-001P, 6-441-01326-B-001P, 6-442-01326-B-001P, 6-443-01326-B-001P, 6-444-01326-B-001P, 6-445-01326-B-001P, 6-446-01326-B-001P, 6-447-01326-B-001P, 6-448-01326-B-001P, 6-449-01326-B-001P, 6-450-01326-B-001P и 6-451-01326-B-001P соответственно.","6-432-01326-B-001P, 6-433-01326-B-001P, 6-434-01326-B-001P, 6-435-01326-B-001P, 6-436-01326-B-001P, 6-437-01326-B-001P, 6-438-01326-B-001P, 6-439-01326-B-001P, 6-440-01326-B-001P, 6-441-01326-B-001P, 6-442-01326-B-001P, 6-443-01326-B-001P, 6-444-01326-B-001P, 6-445-01326-B-001P, 6-446-01326-B-001P, 6-447-01326-B-001P, 6-448-01326-B-001P, 6-449-01326-B-001P, 6-450-01326-B-001P, 6-451-01326-B-001P"
"Банк России 24.06.2024 принял решение о государственной регистрации выпусков структурных процентных неконвертируемых бездокументарных облигаций с централизованным учетом прав серий С-1-412, С-1-413, С-1-414, С-1-415, С-1-416, С-1-417, С-1-418, С-1-419, С-1-420, С-1-421, С-1-422, С-1-423, С-1-424, С-1-425, С-1-426, С-1-427, С-1-428, С-1-429, С-1-430, С-1-431, размещаемых в рамках программы облигаций АКЦИОНЕРНОГО ОБЩЕСТВА «АЛЬФА-БАНК» (г. Москва). Выпускам ценных бумаг присвоены регистрационные номера 6-412-01326-B-001P, 6-413-01326-B-001P, 6-414-01326-B-001P, 6-415-01326-B-001P, 6-416-01326-B-001P, 6-417-01326-B-001P, 6-418-01326-B-001P, 6-419-01326-B-001P, 6-420-01326-B-001P, 6-421-01326-B-001Р, 6-422-01326-B-001P, 6-423-01326-B-001P, 6-424-01326-B-001P, 6-425-01326-B-001P, 6-426-01326-B-001P, 6-427-01326-B-001P, 6-428-01326-B-001P, 6-429-01326-B-001P, 6-430-01326-B-001P, 6-431-01326-B-001Р соответственно.","6-412-01326-B-001P, 6-413-01326-B-001P, 6-414-01326-B-001P, 6-415-01326-B-001P, 6-416-01326-B-001P, 6-417-01326-B-001P, 6-418-01326-B-001P, 6-419-01326-B-001P, 6-420-01326-B-001P, 6-421-01326-B-001Р, 6-422-01326-B-001P, 6-423-01326-B-001P, 6-424-01326-B-001P, 6-425-01326-B-001P, 6-426-01326-B-001P, 6-427-01326-B-001P, 6-428-01326-B-001P, 6-429-01326-B-001P, 6-430-01326-B-001P, 6-431-01326-B-001Р"
"Банк России 16.07.2024 принял решение о государственной регистрации выпусков структурных неконвертируемых процентных дисконтных бездокументарных облигаций с залоговым обеспечением серий 001Р-51, 001Р-52, 001Р-53, 001Р-54, 001Р-55, 001Р-56, 001Р-57, 001Р-58, 001Р-59, 001Р-60, 001Р-61, 001Р-62, 001Р-63, 001Р-64, 001Р-65, 001Р-66, 001Р-67, 001Р-68, 001Р-69 и 001Р-70 предназначенных для квалифицированных инвесторов, размещаемых в рамках программы облигаций серии 001P, общества с ограниченной ответственностью «Специализированное финансовое общество АТОН Структурные Решения» (г. Москва). Выпускам ценных бумаг присвоены регистрационные номера 6-41-00796-R-001P, 6-42-00796-R-001P, 6-43-00796-R-001P, 6-44-00796-R-001P, 6-45-00796-R-001P, 6-46-00796-R-001P, 6-47-00796-R-001P, 6-48-00796-R-001P, 6-49-00796-R-001P, 6-50-00796-R-001P, 6-51-00796-R-001P, 6-52- 00796-R-001P, 6-53-00796-R-001P, 6-54-00796-R-001P, 6-55-00796-R-001P, 6-56-00796-R-001P, 6-57-00796-R-001P, 6-58-00796-R-001P, 6-59-00796-R-001P и 6-60-00796-R-001P.","6-41-00796-R-001P, 6-42-00796-R-001P, 6-43-00796-R-001P, 6-44-00796-R-001P, 6-45-00796-R-001P, 6-46-00796-R-001P, 6-47-00796-R-001P, 6-48-00796-R-001P, 6-49-00796-R-001P, 6-50-00796-R-001P, 6-51-00796-R-001P, 6-52- 00796-R-001P, 6-53-00796-R-001P, 6-54-00796-R-001P, 6-55-00796-R-001P, 6-56-00796-R-001P, 6-57-00796-R-001P, 6-58-00796-R-001P, 6-59-00796-R-001P, 6-60-00796-R-001P"
"Банк России 15.07.2024 принял решение о признании выпусков структурных процентных неконвертируемых бездокументарных облигаций с централизованным учетом прав серии С-1-396 и С-1-397 АКЦИОНЕРНОГО ОБЩЕСТВА «АЛЬФА-БАНК» (г. Москва), регистрационные номера выпусков 6-396-01326-В-001P и 6-397-01326-В-001P, дата государственной регистрации выпусков 08.05.2024, несостоявшимися и аннулировании их государственной регистрации.","6-396-01326-В-001P, 6-397-01326-В-001P"
"Банк России 10.06.2024 принял решение о государственной регистрации выпусков структурных неконвертируемых процентных дисконтных бездокументарных облигаций с залоговым обеспечением серий 36, 37 и 38, предназначенных для квалифицированных инвесторов, общества с ограниченной ответственностью «Специализированное финансовое общество БКС Структурные Ноты» (г. Москва), размещаемых путем закрытой подписки. Выпускам ценных бумаг присвоены регистрационные номера 6-36-00508-R, 6-37-00508-R и 6-38-00508-R.","6-36-00508-R, 6-37-00508-R, 6-38-00508-R"
"Банк России 04.07.2024 принял решение о государственной регистрации выпусков структурных неконвертируемых процентных дисконтных бездокументарных облигаций с залоговым обеспечением серий 001Р-31, 001Р-32, 001Р-33, 001Р-34, 001Р-35, 001Р-36, 001Р-37, 001Р-38, 001Р-39 и 001Р-40, предназначенных для квалифицированных инвесторов, размещаемых в рамках программы облигаций серии 001P, общества с ограниченной ответственностью «Специализированное финансовое общество АТОН Структурные Решения» (г. Москва). Выпускам ценных бумаг присвоены регистрационные номера 6-31-00796-R-001P, 6-32-00796-R-001P, 6-33-00796-R-001P, 6-34-00796-R-001P, 6-35-00796-R-001P, 6-36-00796-R-001P, 6-37-00796-R-001P, 6-38-00796-R-001P, 6-39-00796-R-001P и 6-40-00796-R-001P соответственно.","6-31-00796-R-001P, 6-32-00796-R-001P, 6-33-00796-R-001P, 6-34-00796-R-001P, 6-35-00796-R-001P, 6-36-00796-R-001P, 6-37-00796-R-001P, 6-38-00796-R-001P, 6-39-00796-R-001P, 6-40-00796-R-001P"
"Банк России 04.12.2023 принял решение о государственной регистрации выпусков структурных процентных неконвертируемых бездокументарных облигаций с централизованным учетом прав серий С-1-306, С-1-307, С-1-308, С-1-309, С-1-310, С-1-311, С-1-312, С-1-313, С-1-314, С-1-315, С-1-316, С-1-317, С-1-318, С-1-319, С-1-320, размещаемых в рамках программы облигаций АКЦИОНЕРНОГО ОБЩЕСТВА «АЛЬФА-БАНК» (г. Москва). Выпускам ценных бумаг присвоены регистрационные номера 6-306-01326-B-001P, 6-307-01326-B-001P, 6-308-01326-B-001P, 6-309-01326-B-001P, 6-310-01326-B-001P, 6-311-01326-B-001P, 6-312-01326-B-001P, 6-313-01326-B-001P, 6-314-01326-B-001P, 6-315-01326-B-001P, 6-316-01326-B-001P, 6-317-01326-B-001P, 6-318-01326-B-001P, 6-319-01326-B-001P, 6-320-01326-B-001P соответственно.","6-306-01326-B-001P, 6-307-01326-B-001P, 6-308-01326-B-001P, 6-309-01326-B-001P, 6-310-01326-B-001P, 6-311-01326-B-001P, 6-312-01326-B-001P, 6-313-01326-B-001P, 6-314-01326-B-001P, 6-315-01326-B-001P, 6-316-01326-B-001P, 6-317-01326-B-001P, 6-318-01326-B-001P, 6-319-01326-B-001P, 6-320-01326-B-001P"
"Банк России 04.12.2023 принял решение о государственной регистрации выпусков структурных процентных неконвертируемых бездокументарных облигаций с централизованным учетом прав серий С-1-306, С-1-307, С-1-308, С-1-309, С-1-310, С-1-311, С-1-312, С-1-313, С-1-314, С-1-315, С-1-316, С-1-317, С-1-318, С-1-319, С-1-320, размещаемых в рамках программы облигаций АКЦИОНЕРНОГО ОБЩЕСТВА «АЛЬФА-БАНК» (г. Москва). Выпускам ценных бумаг присвоены регистрационные номера 6-306-01326-B-001P, 6-307-01326-B-001P, 6-308-01326-B-001P, 6-309-01326-B-001P, 6-310-01326-B-001P, 6-311-01326-B-001P, 6-312-01326-B-001P, 6-313-01326-B-001P, 6-314-01326-B-001P, 6-315-01326-B-001P, 6-316-01326-B-001P, 6-317-01326-B-001P, 6-318-01326-B-001P, 6-319-01326-B-001P, 6-320-01326-B-001P соответственно.","6-306-01326-B-001P, 6-307-01326-B-001P, 6-308-01326-B-001P, 6-309-01326-B-001P, 6-310-01326-B-001P, 6-311-01326-B-001P, 6-312-01326-B-001P, 6-313-01326-B-001P, 6-314-01326-B-001P, 6-315-01326-B-001P, 6-316-01326-B-001P, 6-317-01326-B-001P, 6-318-01326-B-001P, 6-319-01326-B-001P, 6-320-01326-B-001P"
"Банк России 30.11.2023 принял решение о государственной регистрации выпусков структурных процентных неконвертируемых бездокументарных облигаций с централизованным учетом прав серий  С-1-291, С-1-292, С-1-293, С-1-294, С-1-295, С-1-296, С-1-297, С-1-298, С-1-299, С-1-300, С-1-301, С-1-302, С-1-303, С-1-304, С-1-305,  размещаемых в рамках программы облигаций АКЦИОНЕРНОГО ОБЩЕСТВА «АЛЬФА-БАНК» (г. Москва). Выпускам ценных бумаг присвоены регистрационные номера 6-291-01326-B-001P, 6-292-01326-B-001P, 6-293-01326-B-001P, 6-294-01326-B-001P, 6-295-01326-B-001P, 6-296-01326-B-001P, 6-297-01326-B-001P, 6-298-01326-B-001P, 6-299-01326-B-001P, 6-300-01326-B-001P, 6-301-01326-B-001P, 6-302-01326-B-001P, 6-303-01326-B-001P, 6-304-01326-B-001P, 6-305-01326-B-001P соответственно.","6-291-01326-B-001P, 6-292-01326-B-001P, 6-293-01326-B-001P, 6-294-01326-B-001P, 6-295-01326-B-001P, 6-296-01326-B-001P, 6-297-01326-B-001P, 6-298-01326-B-001P, 6-299-01326-B-001P, 6-300-01326-B-001P, 6-301-01326-B-001P, 6-302-01326-B-001P, 6-303-01326-B-001P, 6-304-01326-B-001P, 6-305-01326-B-001P"
"Банк России 09.11.2023 принял решение о государственной регистрации выпусков структурных процентных неконвертируемых бездокументарных облигаций с централизованным учетом прав серий С-1-261, С-1-262, С-1-263, С-1-264, С-1-265, С-1-266, С-1-267, С-1-268, С-1-269, С-1-270, С-1-271, С-1-272, С-1-273, С-1-274, С-1-275, С-1-276, С-1-277, С-1-278, С-1-279, С-1-280, С-1-281, С-1-282, С-1-283, С-1-284, С-1-285, С-1-286, С-1-287, С-1-288, С-1-289, С-1-290, размещаемых в рамках программы облигаций АКЦИОНЕРНОГО ОБЩЕСТВА «АЛЬФА-БАНК» (г. Москва). Выпускам ценных бумаг присвоены регистрационные номера 6-261-01326-B-001P, 6-262-01326-B-001P, 6-263-01326-B-001P, 6-264-01326-B-001P, 6-265-01326-B-001P, 6-266-01326-B-001P, 6-267-01326-B-001P, 6-268-01326-B-001P, 6-269-01326-B-001P, 6-270-01326-B-001P, 6-271-01326-B-001P, 6-272-01326-B-001P, 6-273-01326-B-001P, 6-274-01326-B-001P, 6-275-01326-B-001P, 6-276-01326-B-001P, 6-277-01326-B-001P, 6-278-01326-B-001P, 6-279-01326-B-001P, 6-280-01326-B-001P, 6-281-01326-B-001P, 6-282-01326-B-001P, 6-283-01326-B-001P, 6-284-01326-B-001P, 6-285-01326-B-001P, 6-286-01326-B-001P, 6-287-01326-B-001P, 6-288-01326-B-001P, 6-289-01326-B-001P, 6-290-01326-B-001P  соответственно.","6-261-01326-B-001P, 6-262-01326-B-001P, 6-263-01326-B-001P, 6-264-01326-B-001P, 6-265-01326-B-001P, 6-266-01326-B-001P, 6-267-01326-B-001P, 6-268-01326-B-001P, 6-269-01326-B-001P, 6-270-01326-B-001P, 6-271-01326-B-001P, 6-272-01326-B-001P, 6-273-01326-B-001P, 6-274-01326-B-001P, 6-275-01326-B-001P, 6-276-01326-B-001P, 6-277-01326-B-001P, 6-278-01326-B-001P, 6-279-01326-B-001P, 6-280-01326-B-001P, 6-281-01326-B-001P, 6-282-01326-B-001P, 6-283-01326-B-001P, 6-284-01326-B-001P, 6-285-01326-B-001P, 6-286-01326-B-001P, 6-287-01326-B-001P, 6-288-01326-B-001P, 6-289-01326-B-001P, 6-290-01326-B-001P"
"Банк России 25.09.2023 принял решение о государственной регистрации выпусков структурных неконвертируемых процентных бездокументарных облигаций с залоговым обеспечением серий 001Р-СО-24, 001Р-СО-25, 001Р-СО-26, 001Р-СО-27, 001Р-СО-28, 001Р-СО-29, 001Р-СО-30, 001Р-СО-31, 001Р-СО-32, 001Р-СО-33, 001Р-СО-34, 001Р-СО-35, 001Р-СО-36, 001Р-СО-37, 001Р-СО-38, 001Р-СО-39, 001Р-СО-40, 001Р-СО-41, 001Р-СО-42 и 001Р-СО-43, предназначенных для квалифицированных инвесторов, размещаемых в рамках программы облигаций серии 001P-СО, общества с ограниченной ответственностью «Специализированное финансовое общество Азбука дохода» (г. Москва). Выпускам ценных бумаг присвоены регистрационные номера 6-24-00704-R-001P, 6-25-00704-R-001P, 6-26-00704-R-001P, 6-27-00704-R-001P, 6-28-00704-R-001P, 6-29-00704-R-001P, 6-30-00704-R-001P, 6-31-00704-R-001P, 6-32-00704-R-001P, 6-33-00704-R-001P, 6-34-00704-R-001P, 6-35-00704-R-001P, 6-36-00704-R-001P, 6-37-00704-R-001P, 6-38-00704-R-001P, 6-39-00704-R-001P, 6-40-00704-R-001P, 6-41-00704-R-001P, 6-42-00704-R-001P и 6-43-00704-R-001P соответственно.","6-24-00704-R-001P, 6-25-00704-R-001P, 6-26-00704-R-001P, 6-27-00704-R-001P, 6-28-00704-R-001P, 6-29-00704-R-001P, 6-30-00704-R-001P, 6-31-00704-R-001P, 6-32-00704-R-001P, 6-33-00704-R-001P, 6-34-00704-R-001P, 6-35-00704-R-001P, 6-36-00704-R-001P, 6-37-00704-R-001P, 6-38-00704-R-001P, 6-39-00704-R-001P, 6-40-00704-R-001P, 6-41-00704-R-001P, 6-42-00704-R-001P, 6-43-00704-R-001P"
"Банк России 21.09.2023 принял решение о государственной регистрации выпусков структурных процентных неконвертируемых бездокументарных облигаций с централизованным учетом прав серий С-1-231, С-1-232, С-1-233, С-1-234, С-1-235, С-1-236, С-1-237, С-1-238, С-1-239, С-1-240, С-1-241, С-1-242, С-1-243, С-1-244 и С-1-245, размещаемых в рамках программы облигаций АКЦИОНЕРНОГО ОБЩЕСТВА «АЛЬФА-БАНК» (г. Москва). Выпускам ценных бумаг присвоены регистрационные номера 6-231-01326-B-001P, 6-232-01326-B-001P, 6-233-01326-B-001P, 6-234-01326-B-001P, 6-235-01326-B-001P, 6-236-01326-B-001P, 6-237-01326-B-001P, 6-238-01326-B-001P, 6-239-01326-B-001P, 6-240-01326-B-001P, 6-241-01326-B-001P, 6-242-01326-B-001P, 6-243-01326-B-001P, 6-244-01326-B-001P и 6-245-01326-B-001P соответственно.","6-231-01326-B-001P, 6-232-01326-B-001P, 6-233-01326-B-001P, 6-234-01326-B-001P, 6-235-01326-B-001P, 6-236-01326-B-001P, 6-237-01326-B-001P, 6-238-01326-B-001P, 6-239-01326-B-001P, 6-240-01326-B-001P, 6-241-01326-B-001P, 6-242-01326-B-001P, 6-243-01326-B-001P, 6-244-01326-B-001P, 6-245-01326-B-001P"
"Банк России 07.09.2023 принял решение о государственной регистрации выпусков структурных процентных неконвертируемых бездокументарных облигаций с централизованным учетом прав серий  С-1-212, С-1-213, С-1-214, С-1-215, С-1-216, С-1-217, С-1-218, С-1-219, С-1-220, С-1-221, С-1-222, С-1-223, С-1-224, С-1-225, С-1-226, С-1-227, С-1-228, С-1-229, С-1-230, размещаемых в рамках программы облигаций АКЦИОНЕРНОГО ОБЩЕСТВА """"АЛЬФА-БАНК"""" (г. Москва). Выпускам ценных бумаг присвоены регистрационные номера 6-212-01326-B-001P, 6-213-01326-B-001P, 6-214-01326-B-001P, 6-215-01326-B-001P,6-216-01326-B-001P, 6-217-01326-B-001P, 6-218-01326-B-001P, 6-219-01326-B-001P, 6-220-01326-B-001P, 6-221-01326-B-001P, 6-222-01326-B-001P, 6-223-01326-B-001P, 6-224-01326-B-001P, 6-225-01326-B-001P, 6-226-01326-B-001P, 6-227-01326-B-001P, 6-228-01326-B-001P, 6-229-01326-B-001P, 6-230-01326-B-001P соответственно.","6-212-01326-B-001P, 6-213-01326-B-001P, 6-214-01326-B-001P, 6-215-01326-B-001P,6-216-01326-B-001P, 6-217-01326-B-001P, 6-218-01326-B-001P, 6-219-01326-B-001P, 6-220-01326-B-001P, 6-221-01326-B-001P, 6-222-01326-B-001P, 6-223-01326-B-001P, 6-224-01326-B-001P, 6-225-01326-B-001P, 6-226-01326-B-001P, 6-227-01326-B-001P, 6-228-01326-B-001P, 6-229-01326-B-001P, 6-230-01326-B-001P"
"Банк России 07.09.2023 принял решение о государственной регистрации выпусков структурных процентных неконвертируемых бездокументарных облигаций с централизованным учетом прав серий  С-1-212, С-1-213, С-1-214, С-1-215, С-1-216, С-1-217, С-1-218, С-1-219, С-1-220, С-1-221, С-1-222, С-1-223, С-1-224, С-1-225, С-1-226, С-1-227, С-1-228, С-1-229, С-1-230, размещаемых в рамках программы облигаций АКЦИОНЕРНОГО ОБЩЕСТВА """"АЛЬФА-БАНК"""" (г. Москва). Выпускам ценных бумаг присвоены регистрационные номера 6-212-01326-B-001P, 6-213-01326-B-001P, 6-214-01326-B-001P, 6-215-01326-B-001P,6-216-01326-B-001P, 6-217-01326-B-001P, 6-218-01326-B-001P, 6-219-01326-B-001P, 6-220-01326-B-001P, 6-221-01326-B-001P, 6-222-01326-B-001P, 6-223-01326-B-001P, 6-224-01326-B-001P, 6-225-01326-B-001P, 6-226-01326-B-001P, 6-227-01326-B-001P, 6-228-01326-B-001P, 6-229-01326-B-001P, 6-230-01326-B-001P соответственно.","6-212-01326-B-001P, 6-213-01326-B-001P, 6-214-01326-B-001P, 6-215-01326-B-001P,6-216-01326-B-001P, 6-217-01326-B-001P, 6-218-01326-B-001P, 6-219-01326-B-001P, 6-220-01326-B-001P, 6-221-01326-B-001P, 6-222-01326-B-001P, 6-223-01326-B-001P, 6-224-01326-B-001P, 6-225-01326-B-001P, 6-226-01326-B-001P, 6-227-01326-B-001P, 6-228-01326-B-001P, 6-229-01326-B-001P, 6-230-01326-B-001P"
"Банк России 02.07.2024 принял решение о государственной регистрации выпусков структурных неконвертируемых процентных дисконтных бездокументарных облигаций с залоговым обеспечением серий 001Р-21, 001Р-22, 001Р-23, 001Р-24, 001Р-25, 001Р-26, 001Р-27, 001Р-28, 001Р-29 и 001Р-30, предназначенных для квалифицированных инвесторов, размещаемых в рамках программы облигаций серии 001P, общества с ограниченной ответственностью «Специализированное финансовое общество АТОН Структурные Решения» (г. Москва). Выпускам ценных бумаг присвоены регистрационные номера 6-21-00796-R-001P, 6-22-00796-R-001P, 6-23-00796-R-001P, 6-24-00796-R-001P, 6-25-00796-R-001P, 6-26-00796-R-001P, 6-27-00796-R-001P, 6-28-00796-R-001P, 6-29-00796-R-001P и 6-30-00796-R-001P соответственно.","6-21-00796-R-001P, 6-22-00796-R-001P, 6-23-00796-R-001P, 6-24-00796-R-001P, 6-25-00796-R-001P, 6-26-00796-R-001P, 6-27-00796-R-001P, 6-28-00796-R-001P, 6-29-00796-R-001P, 6-30-00796-R-001P"
"Банк России 11.09.2023 принял решение о государственной регистрации выпусков структурных неконвертируемых процентных бездокументарных облигаций с залоговым обеспечением серий 001Р-СО-14, 001Р-СО-15, 001Р-СО-16, 001Р-СО-17, 001Р-СО-18, 001Р-СО-19, 001Р-СО-20, 001Р-СО-21, 001Р-СО-22 и 001Р-СО-23, предназначенных для квалифицированных инвесторов, размещаемых в рамках программы облигаций серии 001P-СО, общества с ограниченной ответственностью «Специализированное финансовое общество Азбука дохода» (г. Москва). Выпускам ценных бумаг присвоены регистрационные номера 6-14-00704-R-001P, 6-15-00704-R-001P, 6-16-00704-R-001P, 6-17-00704-R-001P, 6-18-00704-R-001P, 6-19-00704-R-001P, 6-20-00704-R-001P, 6-21-00704-R-001P, 6-22-00704-R-001P и 6-23-00704-R-001P соответственно.","6-14-00704-R-001P, 6-15-00704-R-001P, 6-16-00704-R-001P, 6-17-00704-R-001P, 6-18-00704-R-001P, 6-19-00704-R-001P, 6-20-00704-R-001P, 6-21-00704-R-001P, 6-22-00704-R-001P, 6-23-00704-R-001P"
"Банк России 04.07.2024 принял решение о государственной регистрации выпусков структурных процентных неконвертируемых бездокументарных облигаций с централизованным учетом прав серий С-1-1181, С-1-1182, С-1-1183, С-1-1184, С-1-1185, С-1-1186, С-1-1187, С-1-1188, С-1-1189, С-1-1190, С-1-1191, С-1-1192, С-1-1193, С-1-1194, С-1-1195, С-1-1196, С-1-1197, С-1-1198, С-1-1199, С-1-1200, С-1-1201, С-1-1202, С-1-1203, С-1-1204, С-1-1205, С-1-1206, С-1-1207, С-1-1208, С-1-1209, С-1-1210, размещаемых в рамках программы облигаций Банка ВТБ (публичное акционерное общество) (г. Санкт-Петербург). Выпускам ценных бумаг присвоены регистрационные номера 6-1181-01000-В-001P, 6-1182-01000-В-001P, 6-1183-01000-В-001P, 6-1184-01000-В-001P, 6-1185-01000-В-001P, 6-1186-01000-В-001P, 6-1187-01000-В-001P, 6-1188-01000-В-001P, 6-1189-01000-В-001P, 6-1190-01000-В-001P, 6-1191-01000-В-001P, 6-1192-01000-В-001P, 6-1193-01000-В-001P, 6-1194-01000-В-001P, 6-1195-01000-В-001P, 6-1196-01000-В-001P, 6-1197-01000-В-001P, 6-1198-01000-В-001P, 6-1199-01000-В-001P, 6-1200-01000-В-001P, 6-1201-01000-В-001P, 6-1202-01000-В-001P, 6-1203-01000-В-001P, 6-1204-01000-В-001P, 6-1205-01000-В-001P, 6-1206-01000-В-001P, 6-1207-01000-В-001P, 6-1208-01000-В-001P, 6-1209-01000-В-001P, 6-1210-01000-В-001P, соответственно.","6-1181-01000-В-001P, 6-1182-01000-В-001P, 6-1183-01000-В-001P, 6-1184-01000-В-001P, 6-1185-01000-В-001P, 6-1186-01000-В-001P, 6-1187-01000-В-001P, 6-1188-01000-В-001P, 6-1189-01000-В-001P, 6-1190-01000-В-001P, 6-1191-01000-В-001P, 6-1192-01000-В-001P, 6-1193-01000-В-001P, 6-1194-01000-В-001P, 6-1195-01000-В-001P, 6-1196-01000-В-001P, 6-1197-01000-В-001P, 6-1198-01000-В-001P, 6-1199-01000-В-001P, 6-1200-01000-В-001P, 6-1201-01000-В-001P, 6-1202-01000-В-001P, 6-1203-01000-В-001P, 6-1204-01000-В-001P, 6-1205-01000-В-001P, 6-1206-01000-В-001P, 6-1207-01000-В-001P, 6-1208-01000-В-001P, 6-1209-01000-В-001P, 6-1210-01000-В-001P"
"Банк России 20.06.2024 принял решение о государственной регистрации выпусков структурных процентных дисконтных неконвертируемых бездокументарных облигаций с централизованным учетом прав серий С-1-1151, С-1-1152, С-1-1153, С-1-1154, С-1-1155, С-1-1156, С-1-1157, С-1-1158, С-1-1159, С-1-1160, С-1-1161, С-1-1162, С-1-1163, С-1-1164, С-1-1165, С-1-1166, С-1-1167, С-1-1168, С-1-1169, С-1-1170, С-1-1171, С-1-1172, С-1-1173, С-1-1174, С-1-1175, С-1-1176, С-1-1177, С-1-1178, С-1-1179, С-1-1180, размещаемых в рамках программы облигаций Банка ВТБ (публичное акционерное общество) (г. Санкт-Петербург). Выпускам ценных бумаг присвоены регистрационные номера 6-1151-01000-В-001P, 6-1152-01000-В-001P, 6-1153-01000-В-001P, 6-1154-01000-В-001P, 6-1155-01000-В-001P, 6-1156-01000-В-001P, 6-1157-01000-В-001P, 6-1158-01000-В-001P, 6-1159-01000-В-001P, 6-1160-01000-В-001P, 6-1161-01000-В-001P, 6-1162-01000-В-001P, 6-1163-01000-В-001P, 6-1164-01000-В-001P, 6-1165-01000-В-001P, 6-1166-01000-В-001P, 6-1167-01000-В-001P, 6-1168-01000-В-001P, 6-1169-01000-В-001P, 6-1170-01000-В-001P, 6-1171-01000-В-001P, 6-1172-01000-В-001P, 6-1173-01000-В-001P, 6-1174-01000-В-001P, 6-1175-01000-В-001P, 6-1176-01000-В-001P, 6-1177-01000-В-001P, 6-1178-01000-В-001P, 6-1179-01000-В-001P, 6-1180-01000-В-001P, соответственно.","6-1151-01000-В-001P, 6-1152-01000-В-001P, 6-1153-01000-В-001P, 6-1154-01000-В-001P, 6-1155-01000-В-001P, 6-1156-01000-В-001P, 6-1157-01000-В-001P, 6-1158-01000-В-001P, 6-1159-01000-В-001P, 6-1160-01000-В-001P, 6-1161-01000-В-001P, 6-1162-01000-В-001P, 6-1163-01000-В-001P, 6-1164-01000-В-001P, 6-1165-01000-В-001P, 6-1166-01000-В-001P, 6-1167-01000-В-001P, 6-1168-01000-В-001P, 6-1169-01000-В-001P, 6-1170-01000-В-001P, 6-1171-01000-В-001P, 6-1172-01000-В-001P, 6-1173-01000-В-001P, 6-1174-01000-В-001P, 6-1175-01000-В-001P, 6-1176-01000-В-001P, 6-1177-01000-В-001P, 6-1178-01000-В-001P, 6-1179-01000-В-001P, 6-1180-01000-В-001P"
"Банк России 11.12.2023 принял решение о государственной регистрации выпусков структурных неконвертируемых процентных бездокументарных облигаций с залоговым обеспечением серий 11, 12, 13, 14, 15, 16, 17, 18, 19, 20, 21 и 22, предназначенных для квалифицированных инвесторов, общества с ограниченной ответственностью «Специализированное финансовое общество «Канопус» (г. Москва), размещаемых путем закрытой подписки. Выпускам ценных бумаг присвоены регистрационные номера 6-11-00740-R, 6-12-00740-R, 6-13-00740-R, 6-14-00740-R, 6-15-00740-R, 6-16-00740-R, 6-17-00740-R, 6-18-00740-R, 6-19-00740-R, 6-20-00740-R, 6-21-00740-R и 6-22-00720-R.","6-11-00740-R, 6-12-00740-R, 6-13-00740-R, 6-14-00740-R, 6-15-00740-R, 6-16-00740-R, 6-17-00740-R, 6-18-00740-R, 6-19-00740-R, 6-20-00740-R, 6-21-00740-R, 6-22-00720-R"
"Банк России 11.12.2023 принял решение о государственной регистрации выпусков структурных неконвертируемых процентных бездокументарных облигаций с залоговым обеспечением серий 11, 12, 13, 14, 15, 16, 17, 18, 19, 20, 21 и 22, предназначенных для квалифицированных инвесторов, общества с ограниченной ответственностью «Специализированное финансовое общество «Канопус» (г. Москва), размещаемых путем закрытой подписки. Выпускам ценных бумаг присвоены регистрационные номера 6-11-00740-R, 6-12-00740-R, 6-13-00740-R, 6-14-00740-R, 6-15-00740-R, 6-16-00740-R, 6-17-00740-R, 6-18-00740-R, 6-19-00740-R, 6-20-00740-R, 6-21-00740-R и 6-22-00720-R.","6-11-00740-R, 6-12-00740-R, 6-13-00740-R, 6-14-00740-R, 6-15-00740-R, 6-16-00740-R, 6-17-00740-R, 6-18-00740-R, 6-19-00740-R, 6-20-00740-R, 6-21-00740-R, 6-22-00720-R"
"Банк России 02.11.2023 принял решение о государственной регистрации выпусков структурных неконвертируемых процентных бездокументарных облигаций с залоговым обеспечением серий СП-1-9, СП-1-10, СП-1-11, СП-1-12 и СП-1-13, предназначенных для квалифицированных инвесторов, размещаемых в рамках программы облигаций серии СП-1, общества с ограниченной ответственностью «Специализированное финансовое общество Вега» (г. Москва). Выпускам ценных бумаг присвоены регистрационные номера 6-09-00684-R-001P, 6-10-00684-R-001P, 6-11-00684-R-001P, 6-12-00684-R-001P и 6-13-00684-R-001P соответственно.","6-09-00684-R-001P, 6-10-00684-R-001P, 6-11-00684-R-001P, 6-12-00684-R-001P, 6-13-00684-R-001P"
"Банк России 11.09.2023 принял решение о государственной регистрации выпусков структурных неконвертируемых процентных бездокументарных облигаций с залоговым обеспечением серий 06, 07, 08, 09 и 10, предназначенных для квалифицированных инвесторов, общества с ограниченной ответственностью «Специализированное финансовое общество «Системная стратегия» (г. Москва), размещаемых путем закрытой подписки. Выпускам ценных бумаг присвоены регистрационные номера 6-06-00720-R, 6-07-00720-R, 6-08-00720-R, 6-09-00720-R и 6-10-00720-R.","6-06-00720-R, 6-07-00720-R, 6-08-00720-R, 6-09-00720-R, 6-10-00720-R"
"Банк России 28.09.2023 принял решение о государственной регистрации изменений в решение о выпуске структурных неконвертируемых процентных бездокументарных облигаций с залоговым обеспечением серий 02, 03, 04, 05, 06 и 07, предназначенных для квалифицированных инвесторов, общества с ограниченной ответственностью «Специализированное финансовое общество Инвестиционные решения» (г. Москва), государственные регистрационные номера выпусков 6-02-00477-R, 6-03-00477-R, 6-04-00477-R, 6-05-00477-R, 6-06-00477-R и 6-07-00477-R.","6-02-00477-R, 6-03-00477-R, 6-04-00477-R, 6-05-00477-R, 6-06-00477-R, 6-07-00477-R"
"Банк России 26.09.2024 принял решение о государственной регистрации выпуска структурных неконвертируемых процентных бездокументарных облигаций с залоговым обеспечением серии 02, предназначенных для квалифицированных инвесторов, общества с ограниченной ответственностью «Специализированное финансовое общество РУБИДИЙ КАПИТАЛ» (г. Москва), размещаемых путем закрытой подписки. Выпуску ценных бумаг присвоен регистрационный номер 6-01-00819-R.",6-01-00819-R
"Банк России 26.02.2024 принял решение о государственной регистрации выпуска структурных неконвертируемых процентных бездокументарных облигаций с залоговым обеспечением денежными требованиями серии А-1, предназначенных для квалифицированных инвесторов, общества с ограниченной ответственностью «Специализированное финансовое общество «Стандарт-5» (г. Москва), размещаемых путем закрытой подписки. Выпуску ценных бумаг присвоен регистрационный номер 6-01-00780-R.",6-01-00780-R
"Банк России 07.11.2023 принял решение о государственной регистрации выпуска структурных неконвертируемых процентных бездокументарных облигаций с залоговым обеспечением серии 01, предназначенных для квалифицированных инвесторов, общества с ограниченной ответственностью «Специализированное финансовое общество «Исида» (г. Москва), размещаемых путем закрытой подписки. Выпуску ценных бумаг присвоен регистрационный номер 6-01-00749-R.",6-01-00749-R
"Банк России 09.11.2023 принял решение о возобновлении эмиссии и государственной регистрации выпуска структурных неконвертируемых процентных бездокументарных облигаций серии СРТ-1 с залоговым обеспечением денежными требованиями, предназначенных для квалифицированных инвесторов, размещаемых в рамках программы облигаций серии СП-1, общества с ограниченной ответственностью «Специализированное финансовое общество Приам» (г. Москва). Выпуску ценных бумаг присвоен регистрационный номер 6-01-00744-R-001P.",6-01-00744-R-001P
"Банк России 07.09.2023 принял решение о государственной регистрации выпуска структурных неконвертируемых процентных бездокументарных облигаций с залоговым обеспечением денежными требованиями серии А-1, предназначенных для квалифицированных инвесторов, общества с ограниченной ответственностью «Специализированное финансовое общество «Стандарт-1» (г. Москва), размещаемых путем закрытой подписки. Выпуску ценных бумаг присвоен регистрационный номер 6-01-00733-R.",6-01-00733-R
"Банк России 16.09.2024 принял решение о государственной регистрации изменений в решение о выпуске структурных неконвертируемых процентных бездокументарных облигаций серии 01 с залоговым обеспечением, предназначенных для квалифицированных инвесторов, общества с ограниченной ответственностью «Специализированное финансовое общество «Комфортный базис» (г. Москва), регистрационный номер выпуска 6-01-00721-R.",6-01-00721-R
"Банк России 22.02.2024 принял решение о государственной регистрации изменений в решение о выпуске структурных неконвертируемых процентных бездокументарных облигаций с залоговым обеспечением серии А-1, предназначенных для квалифицированных инвесторов, общества с ограниченной ответственностью «Специализированное финансовое общество «Орион-6» (г. Москва), регистрационный номер выпуска 6-01-00717-R.",6-01-00717-R
"Банк России 07.11.2023 принял решение о государственной регистрации изменений в решение о выпуске структурных неконвертируемых процентных бездокументарных облигаций с залоговым обеспечением денежными требованиями серии 01, предназначенных для квалифицированных инвесторов, общества с ограниченной ответственностью «Специализированное финансовое общество «Ригель» (г. Москва), регистрационный номер выпуска 6-01-00713-R.",6-01-00713-R
"Банк России 07.09.2023 принял решение о возобновлении эмиссии и государственной регистрации изменений в решение о выпуске структурных неконвертируемых процентных бездокументарных облигаций серии MNR-1 с залоговым обеспечением, предназначенных для квалифицированных инвесторов, общества с ограниченной ответственностью «Специализированное финансовое общество Феррум» (г. Москва), размещаемых путем закрытой подписки, регистрационный номер выпуска 6-01-00712-R.",6-01-00712-R
"Банк России 21.09.2023 принял решение о государственной регистрации изменений в решение о выпуске структурных неконвертируемых процентных бездокументарных облигаций с залоговым обеспечением денежными требованиями серии А-1, предназначенных для квалифицированных инвесторов, общества с ограниченной ответственностью «Специализированное финансовое общество «Цефей-2» (г. Москва), регистрационный номер выпуска 6-01-00695-R.",6-01-00695-R
"Банк России 18.09.2023 принял решение о государственной регистрации изменений в решение о выпуске структурных неконвертируемых процентных бездокументарных облигаций с залоговым обеспечением денежными требованиями серии 01, предназначенных для квалифицированных инвесторов, общества с ограниченной ответственностью «Специализированное финансовое общество «Ликвидные активы» (г. Москва), регистрационный номер выпуска 6-01-00691-R.",6-01-00691-R
"Банк России 14.09.2023 принял решение о государственной регистрации изменений в решение о выпуске структурных неконвертируемых процентных бездокументарных облигаций с залоговым обеспечением серии А-1, предназначенных для квалифицированных инвесторов, общества с ограниченной ответственностью «Специализированное финансовое общество Технологии и инновации» (г. Москва), регистрационный номер выпуска 6-01-00690-R.",6-01-00690-R
"Банк России 14.09.2023 принял решение о государственной регистрации изменений в решение о выпуске структурных неконвертируемых процентных бездокументарных облигаций с залоговым обеспечением денежными требованиями серии А-1, предназначенных для квалифицированных инвесторов, общества с ограниченной ответственностью «Специализированное финансовое общество Медийные активы» (г. Москва), регистрационный номер выпуска 6-01-00683-R.",6-01-00683-R
"Банк России 18.04.2024 принял решение о государственной регистрации дополнительного выпуска структурных неконвертируемых процентных бездокументарных облигаций с залоговым обеспечением серии А-1, предназначенных для квалифицированных инвесторов, общества с ограниченной ответственностью «Специализированное финансовое общество Идеи и инвестиции» (г. Москва), размещаемых путем закрытой подписки. Дополнительному выпуску ценных бумаг присвоен регистрационный номер 6-01-00670-R.",6-01-00670-R
"Банк России 16.11.2023 принял решение о государственной регистрации изменений в программу структурных неконвертируемых процентных бездокументарных облигаций с залоговым обеспечением серии А-01, предназначенных для квалифицированных инвесторов, регистрационный номер программы 6-00669-R-001P, и изменений в решение о выпуске структурных неконвертируемых процентных бездокументарных облигаций с залоговым обеспечением серий А-01-FLB, А-01-PRT_BST_RUR-004, А-01-PRT_RZD_EUR-003 и А-01-PRT_RZD_GBP-005, предназначенных для квалифицированных инвесторов, размещенных в рамках программы облигаций серии A-01, общества с ограниченной ответственностью «Специализированное финансовое общество Финансовые инструменты 1» (г. Москва), регистрационные номера выпусков 6-01-00669-R-001P, 6-03-00669-R-001P, 6-04-00669-R-001P и 6-05-00669-R-001P.","6-01-00669-R-001P, 6-03-00669-R-001P, 6-04-00669-R-001P, 6-05-00669-R-001P"
"Банк России 25.09.2023 принял решение о признании выпуска структурных неконвертируемых процентных бездокументарных облигаций с залоговым обеспечением денежными требованиями, предназначенных для квалифицированных инвесторов, общества с ограниченной ответственностью «Специализированное финансовое общество «Санрэй»» (г. Москва), регистрационный номер 6-01-00625-R, дата государственной регистрациивыпуска 16.09.2021, несостоявшимся и аннулировании его государственной регистрации.",6-01-00625-R
Банк России 26.02.2024 принял решение о государственной регистрации программы облигаций структурных процентных и (или) дисконтных неконвертируемых бездокументарных с централизованным учетом прав серии CO-1 Публичного акционерного общества «Совкомбанк» (Костромская область). Программе облигаций присвоен регистрационный номер 6-00963-В-001Р.,6-00963-В-001Р
"Банк России 11.04.2024 принял решение о государственной регистрации программы структурных неконвертируемых процентных и/или дисконтных бездокументарных облигаций с залоговым обеспечением, предназначенных для квалифицированных инвесторов, серии СП-1 общества с ограниченной ответственностью «Специализированное финансовое общество Нестор» (г. Москва). Программе облигаций присвоен регистрационный номер 6-00785-R-001P.",6-00785-R-001P
"Банк России 04.09.2023 принял решение о государственной регистрации программы структурных неконвертируемых процентных и/или дисконтных бездокументарных облигаций с залоговым обеспечением, предназначенных для квалифицированных инвесторов, серии СП-1 общества с ограниченной ответственностью «Специализированное финансовое общество Теллуриум» (г. Москва). Программе облигаций присвоен регистрационный номер 6-00731-R-001P.",6-00731-R-001P
"Банк России 26.09.2024 принял решение о признании несостоявшимися:выпуск биржевых облигаций документарных процентных неконвертируемых на предъявителя с обязательным централизованным хранением серии БО-ИО06, размещаемых путем открытой подписки, с идентификационным номером 4В021002209В001P от 27.12.2019;выпуск биржевых облигаций документарных процентных неконвертируемых на предъявителя с обязательным централизованным хранением серии БО-ИО07, размещаемых путем открытой подписки, с идентификационным номером 4В021102209В001P от 27.12.2019Публичного акционерного общества Банк «Финансовая Корпорация Открытие» (г. Москва).",4В021102209В001P
"Банк России 28.09.2023 принял решение о признании несостоявшимися выпусков документарных процентных неконвертируемых биржевых облигаций на предъявителя с обязательным централизованным хранением серий БО-25, БО-27, БО-28, БО-29, БО-31, БО-32, БО-33, БО-34, БО-35, БО-36, БО-37, БО-38, БО-39, БО-40, БО-41, БО-42 и БО-44 с индивидуальными идентификационными номерами 4B022501000B, 4B022701000B, 4B022801000B, 4B022901000B, 4B023101000B, 4B023201000B, 4B023301000B, 4B023401000B, 4B023501000B, 4B023601000B, 4B023701000B, 4B023801000B, 4B023901000B, 4B024001000B, 4B024101000B, 4B024201000B и 4B024401000B соответственно, Банка ВТБ (публичное акционерное общество) (г. Санкт-Петербург).","4B022501000B, 4B022701000B, 4B022801000B, 4B022901000B, 4B023101000B, 4B023201000B, 4B023301000B, 4B023401000B, 4B023501000B, 4B023601000B, 4B023701000B, 4B023801000B, 4B023901000B, 4B024001000B, 4B024101000B, 4B024201000B, 4B024401000B"
"Банк России 15.02.2024 принял решение о государственной регистрации программы неконвертируемых процентных бездокументарных облигаций серии 002Р, регистрации проспекта неконвертируемых процентных бездокументарных облигаций, размещаемых в рамках программы облигаций серии 002Р, и государственной регистрации выпуска зеленых неконвертируемых процентных бездокументарных облигаций серии 002Р-01, размещаемых в рамках программы облигаций серии 002Р, публичного акционерного общества «ЕвроТранс» (Московская область). Программе облигаций и выпуску ценных бумаг присвоены регистрационные номера 4-80110-H-001P и 4-01-80110-H-001P соответственно.","4-80110-H-001P, 4-01-80110-H-001P"
"Банк России 11.04.2024 принял решение о государственной регистрации выпуска неконвертируемых процентных бездокументарных облигаций серии 001Р-41, размещаемых в рамках программы облигаций серии 001Р c регистрационным номером 4-00013-Т-001Р, публично-правовой компании «Фонд развития территорий» (г. Москва). Выпуску ценных бумаг присвоен регистрационный номер 4-41-00014-Т-001P.",4-41-00014-Т-001P
"Банк России 16.11.2023 принял решение о государственной регистрации программы неконвертируемых процентных бездокументарных облигаций без определения срока их погашения, предназначенных для квалифицированных инвесторов, серии 003Б и выпусков неконвертируемых процентных бездокументарных облигаций серий 003Б-01 и 003Б-02 без определения срока их погашения, предназначенных для квалифицированных инвесторов, размещаемых в рамках программы облигаций серии 003Б, общества с ограниченной ответственностью «Газпром капитал» (г. Санкт-Петербург). Программе облигаций и выпускам ценных бумаг присвоены регистрационные номера 4-36400-R-004P, 4-01-36400-R-004P и 4-02-36400-R-004P соответственно.","4-36400-R-004P, 4-01-36400-R-004P, 4-02-36400-R-004P"
"Банк России 22.02.2024 принял решение о государственной регистрации выпусков неконвертируемых процентных бездокументарных облигаций серий 001Р-35, 001Р-36, 001Р-37, 001Р-38, 001Р-39 и 001Р-40, размещаемых в рамках программы облигаций серии 001Р c регистрационным номером 4-00013-Т-001Р, публично-правовой компании «Фонд развития территорий» (г. Москва). Выпускам ценных бумаг присвоены регистрационные номера 4-35-00014-Т-001P, 4-36-00014-Т-001P, 4-37-00014-Т-001P, 4-38-00014-Т-001P, 4-39-00014-Т-001P и 4-40-00014-Т-001P.","4-35-00014-Т-001P, 4-36-00014-Т-001P, 4-37-00014-Т-001P, 4-38-00014-Т-001P, 4-39-00014-Т-001P, 4-40-00014-Т-001P"
"Банк России 04.09.2023 принял решение о государственной регистрации выпусков неконвертируемых процентных бездокументарных облигаций серий 001Р-27, 001Р-28, 001Р-29 и 001Р-30, размещаемых в рамках программы облигаций серии 001Р c регистрационным номером 4-00013-Т-001Р, публично-правовой компании «Фонд развития территорий» (г. Москва). Выпускам ценных бумаг присвоены регистрационные номера 4-27-00014-Т-001P, 4-28-00014-Т-001P, 4-29-00014-Т-001P и 4-30-00014-Т-001P.","4-27-00014-Т-001P, 4-28-00014-Т-001P, 4-29-00014-Т-001P, 4-30-00014-Т-001P"
"Банк России 17.06.2024 принял решение о государственной регистрации выпуска неконвертируемых процентных бездокументарных облигаций серии ЗО27-Д акционерной компании «АЛРОСА» (публичное акционерное общество) (Республика Саха (Якутия)), размещаемых путем открытой подписки. Выпуску ценных бумаг присвоен регистрационный номер 4-24-40046-N.",4-24-40046-N
"Банк России 24.06.2024 принял решение о государственной регистрации выпуска неконвертируемых процентных бездокументарных облигаций серии 002P-23, размещаемых в рамках программы облигаций серии 002Р, Государственной компании «Российские автомобильные дороги» (г. Москва). Выпуску ценных бумаг присвоен регистрационный номер 4-23-00011-Т-002P.",4-23-00011-Т-002P
"Банк России 23.11.2023 принял решение о государственной регистрации выпуска неконвертируемых процентных бездокументарных облигаций серии 002P-21, размещаемых в рамках программы облигаций серии 002Р, Государственной компании «Российские автомобильные дороги» (г. Москва). Выпуску ценных бумаг присвоен регистрационный номер 4-21-00011-Т-002P.",4-21-00011-Т-002P
"Банк России 17.11.2023 принял решение о государственной регистрации выпуска бездокументарных процентных неконвертируемых облигаций с централизованным учетом прав серии СЗО-04 Публичного акционерного общества «Совкомбанк» (Костромская область). Выпуску ценных бумаг присвоен регистрационный номер 4-20-00963-В.Облигационный заем содержит отдельные условия, удовлетворяющие понятию субординированного займа, определенному статьей 25.1 Федерального закона от 12.12.1990 № 395-1 «О банках и банковской деятельности» и Положением Банка России от 04.07.2018 № 646-П «О методике определения собственных средств (капитала) кредитных организаций («Базель III»)».",4-20-00963-В
"Банк России 28.09.2023 принял решение о государственной регистрации дополнительного выпуска неконвертируемых процентных бездокументарных облигаций серии ЗО26-1-Е, размещаемых в рамках программы облигаций серии 001Z, общества с ограниченной ответственностью «Газпром капитал» (г. Санкт-Петербург). Дополнительному выпуску ценных бумаг присвоен регистрационный номер 4-15-36400-R-003Р.",4-15-36400-R-003Р
"Банк России 25.09.2023 принял решение о государственной регистрации дополнительного выпуска неконвертируемых процентных бездокументарных облигаций серии ЗО25-1-Е, размещаемых в рамках программы облигаций серии 001Z, общества с ограниченной ответственностью «Газпром капитал» (г. Санкт-Петербург). Дополнительному выпуску ценных бумаг присвоен регистрационный номер 4-14-36400-R-003Р.",4-14-36400-R-003Р
"Банк России 16.11.2023 принял решение о государственной регистрации выпуска неконвертируемых процентных бездокументарных облигаций серии 005Р-14, размещаемых в рамках программы облигаций серии 005Р, акционерного общества «Государственная транспортная лизинговая компания» (Ямало-Ненецкий автономный округ). Выпуску ценных бумаг присвоен регистрационный номер 4-14-32432-Н-003P.",4-14-32432-Н-003P
"Банк России сообщает, что изменения, вносимые в условия выпусков неконвертируемых процентных документарных жилищных облигаций с ипотечным покрытием на предъявителя, размещенных в рамках программы облигаций серии АИЖК-002, общества с ограниченной ответственностью «ДОМ.РФ Ипотечный агент» (г. Москва), государственные регистрационные номера выпусков 4-04-00307-R-002P, 4-08-00307-R-002P, 4-11-00307-R-002P, а также изменения, вносимые в решения о выпуске неконвертируемых процентных бездокументарных жилищных облигаций с ипотечным покрытием, размещенных в рамках программы облигаций серии АИЖК-002, общества с ограниченной ответственностью «ДОМ.РФ Ипотечный агент» (г. Москва), регистрационные номера выпусков 4-14-00307-R-002P, 4-15-00307-R-002P, 4-18-00307-R-002P, посредством направления уведомлений о банковских реквизитах залогового счета, считаются зарегистрированными c 14.09.2023.","4-14-00307-R-002P, 4-15-00307-R-002P, 4-18-00307-R-002P"
"Банк России 21.09.2023 принял решение о государственной регистрации дополнительного выпуска неконвертируемых процентных бездокументарных облигаций серии ЗО27-1-Е, размещаемых в рамках программы облигаций серии 001Z, общества с ограниченной ответственностью «Газпром капитал» (г. Санкт-Петербург). Дополнительному выпуску ценных бумаг присвоен регистрационный номер 4-12-36400-R-003Р.",4-12-36400-R-003Р
"Банк России 19.04.2024 принял решение о государственной регистрации выпуска облигаций неконвертируемых процентных бездокументарных с централизованным учетом прав без установленного срока погашения, с возможностью погашения по усмотрению эмитента, серии 06СУБ Публичного акционерного общества """"МТС-Банк"""" (г. Москва). Выпуску ценных бумаг присвоен регистрационный номер 4-11-02268-В. Облигационный заем содержит отдельные условия, удовлетворяющие понятию субординированного займа, определенному статьей 25.1 Федерального закона от 12.12.1990 № 395-1 """"О банках и банковской деятельности"""" и Положением Банка России от 04.07.2018 № 646-П """"О методике определения собственных средств (капитала) кредитных организаций (""""Базель III"""")"""".",4-11-02268-В
"Банк России 19.04.2024 принял решение о государственной регистрации выпуска облигаций неконвертируемых процентных бездокументарных с централизованным учетом прав без установленного срока погашения, с возможностью погашения по усмотрению эмитента, серии 06СУБ Публичного акционерного общества """"МТС-Банк"""" (г. Москва). Выпуску ценных бумаг присвоен регистрационный номер 4-11-02268-В. Облигационный заем содержит отдельные условия, удовлетворяющие понятию субординированного займа, определенному статьей 25.1 Федерального закона от 12.12.1990 № 395-1 """"О банках и банковской деятельности"""" и Положением Банка России от 04.07.2018 № 646-П """"О методике определения собственных средств (капитала) кредитных организаций (""""Базель III"""")"""".",4-11-02268-В
"Банк России 16.09.2024 принял решение о государственной регистрации выпуска неконвертируемой процентной бездокументарной облигации серии 13-КИ с залоговым обеспечением денежными требованиями, предназначенной для квалифицированных инвесторов, публично-правовой компании по формированию комплексной системы обращения с твердыми коммунальными отходами «Российский экологический оператор» (г. Москва), размещаемой путем закрытой подписки. Выпуску ценных бумаг присвоен регистрационный номер 4-11-00009-T.",4-11-00009-T
"Банк России 25.09.2023 принял решение о государственной регистрации дополнительного выпуска неконвертируемых процентных бездокументарных облигаций без определения срока их погашения серии БЗО26-1-Е общества с ограниченной ответственностью «Газпром капитал» (г. Санкт-Петербург), размещаемых путем открытой подписки. Дополнительному выпуску ценных бумаг присвоен регистрационный номер 4-10-36400-R.",4-10-36400-R
"Банк России 15.04.2024 принял решение о государственной регистрации выпуска бездокументарных процентных неконвертируемых облигаций с централизованным учетом прав серии ЗО-400 АКЦИОНЕРНОГО ОБЩЕСТВА «АЛЬФА-БАНК» (г. Москва). Выпуску ценных бумаг присвоен регистрационный номер 4-10-01326-В. Облигационный заем содержит отдельные условия, удовлетворяющие понятию субординированного займа, определенному статьей 25.1 Федерального закона от 12.12.1990 № 395-1 «О банках и банковской деятельности» и Положением Банка России от 04.07.2018 № 646-П «О методике определения собственных средств (капитала) кредитных организаций («Базель III»)».",4-10-01326-В
"Банк России 07.12.2023 принял решение о государственной регистрации выпусков неконвертируемых процентных бездокументарных облигаций серий 001P-10 и 001P-11, размещаемых в рамках программы облигаций серии 001Р, общества с ограниченной ответственностью «НЛК – Финанс» (г. Москва). Выпускам ценных бумаг присвоены регистрационные номера 4-10-00694-R-001P и 4-11-00694-R-001P.","4-10-00694-R-001P, 4-11-00694-R-001P"
"Банк России 07.12.2023 принял решение о государственной регистрации выпусков неконвертируемых процентных бездокументарных облигаций серий 001P-10 и 001P-11, размещаемых в рамках программы облигаций серии 001Р, общества с ограниченной ответственностью «НЛК – Финанс» (г. Москва). Выпускам ценных бумаг присвоены регистрационные номера 4-10-00694-R-001P и 4-11-00694-R-001P.","4-10-00694-R-001P, 4-11-00694-R-001P"
"Банк России 19.04.2024 принял решение о государственной регистрации изменений в решение о выпуске облигаций неконвертируемых процентных бездокументарных с централизованным учетом прав без установленного срока погашения, с возможностью погашения по усмотрению эмитента, серии 04СУБ Публичного акционерного общества «МТС-Банк» (г. Москва), регистрационный номер выпуска 4-09-02268-В.",4-09-02268-В
"Банк России 25.09.2024 принял решение о государственной регистрации выпусков неконвертируемых процентных бездокументарных облигаций с индексируемой номинальной стоимостью серий 002Р-09, 002Р-10, 002Р-11, 002Р-12, 002Р-13, 002Р-14, 002Р-15, 002Р-16, 002Р-17, 002Р-18, 002Р-19, предназначенных для квалифицированных инвесторов, размещаемых в рамках программы облигаций серии 002-Р, общества с ограниченной ответственностью «РГД Проектное финансирование» (г. Москва).Выпускам ценных бумаг присвоены регистрационные номера 4-09-00665-R-002P, 4-10-00665-R-002P, 4-11-00665-R-002P, 4-12-00665-R-002P, 4-13-00665-R-002P, 4-14-00665-R-002P, 4-15-00665-R-002P, 4-16-00665-R-002P, 4-17-00665-R-002P, 4-18-00665-R-002P и 4-19-00665-R-002P соответственно.","4-09-00665-R-002P, 4-10-00665-R-002P, 4-11-00665-R-002P, 4-12-00665-R-002P, 4-13-00665-R-002P, 4-14-00665-R-002P, 4-15-00665-R-002P, 4-16-00665-R-002P, 4-17-00665-R-002P, 4-18-00665-R-002P, 4-19-00665-R-002P"
"Банк России 05.02.2024 принял решение о государственной регистрации выпуска неконвертируемых процентных бездокументарных облигаций серии 004P-09, размещаемых в рамках программы облигаций серии 004Р, Государственной компании «Российские автомобильные дороги» (г. Москва). Выпуску ценных бумаг присвоен регистрационный номер 4-09-00011-Т-004P.",4-09-00011-Т-004P
Банк России 21.09.2023 принял решение о государственной регистрации выпусков бездокументарных процентных неконвертируемых облигаций с централизованным учетом прав серий ЗО-01 и ЗО-02 АКЦИОНЕРНОГО ОБЩЕСТВА «АЛЬФА-БАНК» (г. Москва). Выпускам ценных бумаг присвоены регистрационные номера 4-08-01326-B и 4-09-01326-B соответственно.,"4-08-01326-B, 4-09-01326-B"
"Банк России 20.06.2024 принял решение о государственной регистрации выпуска процентных неконвертируемых бездокументарных облигаций с залоговым обеспечением серии 08 Общества с ограниченной ответственностью «Инвестиционные облигации» (г. Москва), размещаемых путем открытой подписки. Выпуску ценных бумаг присвоен регистрационный номер 4-08-00756-R.",4-08-00756-R
"Банк России 16.08.2024 принял решение о государственной регистрации выпуска неконвертируемых процентных бездокументарных облигаций серии 08, предназначенных для квалифицированных инвесторов общества с ограниченной ответственностью «Микро Капитал Руссия» (г. Москва), размещаемых путем закрытой подписки. Выпуску ценных бумаг присвоен регистрационный номер 4-08-00667-R.",4-08-00667-R
"Банк России 21.08.2024 принял решение о государственной регистрации выпуска неконвертируемых процентных бездокументарных облигаций с индексируемой номинальной стоимостью серии 002Р-08, предназначенных для квалифицированных инвесторов, размещаемых в рамках программы облигаций серии 002-Р, общества с ограниченной ответственностью «РГД Проектное финансирование» (г. Москва). Выпуску ценных бумаг присвоен регистрационный номер 4-08-00665-R-002P.",4-08-00665-R-002P
"Банк России 07.11.2023 принял решение о государственной регистрации выпуска неконвертируемой процентной бездокументарной облигации серии 08-КИ с залоговым обеспечением денежными требованиями, предназначенной для квалифицированных инвесторов, публично-правовой компании по формированию комплексной системы обращения с твердыми коммунальными отходами «Российский экологический оператор» (г. Москва), размещаемой путем закрытой подписки. Выпуску ценных бумаг присвоен регистрационный номер 4-07-00009-Т.",4-07-00009-Т
"Банк России 08.02.2024 принял решение о государственной регистрации выпуска неконвертируемых бездокументарных процентных облигаций серии СУБ-ЗО с централизованным учетом прав без срока погашения, с возможностью погашения по усмотрению эмитента Публичного акционерного общества «ТРАНСКАПИТАЛБАНК» (г. Москва). Выпуску ценных бумаг присвоен регистрационный номер 4-06-02210-В. Облигационный заем содержит отдельные условия, удовлетворяющие понятию субординированного займа, определенному статьей 25.1 Федерального закона от 12.12.1990 № 395-1 «О банках и банковской деятельности» и Положением Банка России от 04.07.2018 № 646-П «О методике определения собственных средств (капитала) кредитных организаций («Базель III»)».",4-06-02210-В
"Банк России 17.04.2024 принял решение о государственной регистрации выпуска процентных неконвертируемых бездокументарных облигаций с залоговым обеспечением серии 06 Общества с ограниченной ответственностью «Инвестиционные облигации» (г. Москва), размещаемых путем открытой подписки. Выпуску ценных бумаг присвоен регистрационный номер 4-06-00756-R.",4-06-00756-R
"Банк России 26.09.2024 принял решение о государственной регистрации изменений в решение о выпуске процентных неконвертируемых бездокументарных облигаций с залоговым обеспечением серии 06 общества с ограниченной ответственностью «Инвестиционные облигации» (г. Москва), регистрационный номер выпуска 4-06-00756-R.",4-06-00756-R
"Банк России 24.06.2024 принял решение о государственной регистрации выпуска неконвертируемых процентных бездокументарных облигаций публичного акционерного общества «Северсталь» (Вологодская область), размещаемых путем закрытой подписки. Выпуску ценных бумаг присвоен регистрационный номер 4-05-00143-A.",4-05-00143-A
"Банк России 16.11.2023 принял решение о государственной регистрации выпусков неконвертируемых процентных бездокументарных облигаций серий ЗО25-Д, ЗО26-Д, ЗО27-Д, ЗО28-Д и ЗО29-Д акционерного общества «Государственная транспортная лизинговая компания» (Ямало-Ненецкий автономный округ), размещаемых путем открытой подписки. Выпускам ценных бумаг присвоены регистрационные номера 4-04-32432-H, 4-05-32432-H, 4-06-32432-H, 4-07-32432-H и 4-08-32432-H соответственно.","4-04-32432-H, 4-05-32432-H, 4-06-32432-H, 4-07-32432-H, 4-08-32432-H"
"Банк России сообщает, что изменения, вносимые в условия выпусков неконвертируемых процентных документарных жилищных облигаций с ипотечным покрытием на предъявителя, размещенных в рамках программы облигаций серии АИЖК-002, общества с ограниченной ответственностью «ДОМ.РФ Ипотечный агент» (г. Москва), государственные регистрационные номера выпусков 4-04-00307-R-002P, 4-08-00307-R-002P, 4-11-00307-R-002P, а также изменения, вносимые в решения о выпуске неконвертируемых процентных бездокументарных жилищных облигаций с ипотечным покрытием, размещенных в рамках программы облигаций серии АИЖК-002, общества с ограниченной ответственностью «ДОМ.РФ Ипотечный агент» (г. Москва), регистрационные номера выпусков 4-14-00307-R-002P, 4-15-00307-R-002P, 4-18-00307-R-002P, посредством направления уведомлений о банковских реквизитах залогового счета, считаются зарегистрированными c 14.09.2023.","4-04-00307-R-002P, 4-08-00307-R-002P, 4-11-00307-R-002P, 4-14-00307-R-002P, 4-15-00307-R-002P, 4-18-00307-R-002P"
"Банк России 13.11.2023 принял решение о государственной регистрации выпуска неконвертируемых процентных бездокументарных облигаций серии ЗО24-Д акционерного общества «Государственная транспортная лизинговая компания» (Ямало-Ненецкий автономный округ), размещаемых путем открытой подписки. Выпуску ценных бумаг присвоен регистрационный номер 4-03-32432-H.",4-03-32432-H
"Банк России 08.11.2023 принял решение о государственной регистрации изменений в решения о выпуске бездокументарных процентных неконвертируемых облигаций с централизованным учетом прав серий TCS-perp1 и TCS-perp2, без срока погашения Акционерного общества «Тинькофф Банк» (г. Москва). Регистрационные номера выпусков 4-03-02673-В и 4-04-02673-В соответственно.","4-03-02673-В, 4-04-02673-В"
"Банк России сообщает, что изменения, вносимые в условия выпусков неконвертируемых процентных документарных жилищных облигаций с ипотечным покрытием на предъявителя, размещенных в рамках программы облигаций, общества с ограниченной ответственностью «ДОМ.РФ Ипотечный агент» (г. Москва), государственные регистрационные номера выпусков 4-03-00307-R-001P и 4-04-00307-R-001P, посредством направления уведомлений о банковских реквизитах залогового счета, считаются зарегистрированными c 14.09.2023.","4-03-00307-R-001P, 4-04-00307-R-001P"
"Банк России 21.06.2024 принял решение о государственной регистрации выпуска неконвертируемых процентных бездокументарных облигаций серии 03, размещаемых в рамках программы облигаций серии 001Р, государственной корпорации по содействию разработке, производству и экспорту высокотехнологичной промышленной продукции «Ростех» (г. Москва). Выпуску ценных бумаг присвоен регистрационный номер 4-03-00016-Т-002P.",4-03-00016-Т-002P
"Банк России 18.04.2024 принял решение о государственной регистрации выпусков неконвертируемых процентных бездокументарных облигаций серий 03 и 04, размещаемых в рамках программы облигаций серии 002Р, государственной корпорации по содействию разработке, производству и экспорту высокотехнологичной промышленной продукции «Ростех» (г. Москва). Выпускам ценных бумаг присвоены регистрационные номера 4-03-00016-Т-001P и 4-04-00016-Т-001P соответственно.","4-03-00016-Т-001P, 4-04-00016-Т-001P"
"Банк России 11.04.2024 принял решение о государственной регистрации выпуска зеленых неконвертируемых процентных бездокументарных облигаций серии 002Р-02, размещаемых в рамках программы облигаций серии 002Р, публичного акционерного общества «ЕвроТранс» (Московская область). Выпуску ценных бумаг присвоен регистрационный номер 4-02-80110-H-001P.",4-02-80110-H-001P
"Банк России 06.06.2024 принял решение о государственной регистрации выпуска неконвертируемых процентных бездокументарных облигаций серии 001PLZL-02, размещаемых в рамках программы облигаций серии 001PLZL, публичного акционерного общества «Полюс» (г. Москва). Выпуску ценных бумаг присвоен регистрационный номер 4-02-55192-Е-001P.",4-02-55192-Е-001P
"Банк России 04.09.2023 принял решение о государственной регистрации изменений в решение о выпуске неконвертируемых процентных бездокументарных облигаций серии GOLD02, размещаемых в рамках программы облигаций серии 001SLZ, публичного акционерного общества «Селигдар» (Республика Саха (Якутия)), регистрационный номер выпуска 4-02-32694-F-001P.",4-02-32694-F-001P
"Банк России 02.09.2024 принял решение о государственной регистрации изменений в решение о выпуске неконвертируемых процентных бездокументарных облигаций с залоговым обеспечением денежными требованиями серии 02, размещаемых в рамках программы облигаций серии 001Р, общества с ограниченной ответственностью «Специализированное финансовое общество ВТБ РКС Эталон» (г. Москва), регистрационный номер выпуска 4-02-00668-R-001P.",4-02-00668-R-001P
"Банк России 23.11.2023 принял решение о государственной регистрации выпуска и регистрации проспекта неконвертируемых процентных бездокументарных облигаций с залоговым обеспечением денежными требованиями класса «А-2023» общества с ограниченной ответственностью «Специализированное финансовое общество МОС МСП 6» (г. Москва), размещаемых путем открытой подписки. Выпуску ценных бумаг присвоен регистрационный номер 4-02-00569-R.",4-02-00569-R
"Банк России 23.11.2023 принял решение о государственной регистрации изменений в решение о выпуске неконвертируемых процентных бездокументарных облигаций с залоговым обеспечением класса «Б» общества с ограниченной ответственностью «Специализированное финансовое общество Аккорд Финанс» (г. Москва), регистрационный номер выпуска 4-02-00536-R.",4-02-00536-R
"Банк России сообщает, что изменения, вносимые в решение о выпуске неконвертируемых процентных документарных жилищных облигаций с ипотечным покрытием на предъявителя класса «Б» закрытого акционерного общества «Ипотечный агент АИЖК 2014-3» (г. Москва), государственный регистрационный номер выпуска 4-01-82609-H, посредством направления уведомления о банковских реквизитах залогового счета, считаются зарегистрированными c 21.09.2023.",4-01-82609-H
"Банк России 01.02.2024 принял решение о государственной регистрации выпуска неконвертируемых процентных бездокументарных облигаций серии 01Б без определения срока их погашения, предназначенных для квалифицированных инвесторов, акционерного общества «Полюс Красноярск» (Красноярский край), размещаемых путем закрытой подписки. Выпуску ценных бумаг присвоен регистрационный номер 4-01-70170-N.",4-01-70170-N
"Банк России 18.09.2023 принял решение о государственной регистрации выпуска неконвертируемых процентных бездокументарных облигаций серии 01 акционерного общества «Невский экологический оператор» (г. Санкт-Петербург), размещаемых путем закрытой подписки. Выпуску ценных бумаг присвоен регистрационный номер 4-01-00917-G.",4-01-00917-G
"Банк России 18.09.2023 принял решение о государственной регистрации выпуска неконвертируемых процентных бездокументарных облигаций серии 01 акционерного общества «Невский экологический оператор» (г. Санкт-Петербург), размещаемых путем закрытой подписки. Выпуску ценных бумаг присвоен регистрационный номер 4-01-00917-G.",4-01-00917-G
"Банк России 18.09.2023 принял решение о государственной регистрации выпуска неконвертируемых процентных бездокументарных облигаций серии 01 акционерного общества «Невский экологический оператор» (г. Санкт-Петербург), размещаемых путем закрытой подписки. Выпуску ценных бумаг присвоен регистрационный номер 4-01-00917-G.",4-01-00917-G
"Банк России 04.12.2023 принял решение о государственной регистрации выпусков неконвертируемых процентных бездокументарных облигаций с залоговым обеспечением денежными требованиями классов «А», «Б» и «В» общества с ограниченной ответственностью Специализированного финансового общества «Меркурий» (г. Москва), размещаемых путем закрытой подписки. Выпускам ценных бумаг присвоены регистрационные номера 4-01-00759-R, 4-02-00759-R и 4-03-00759-R.","4-01-00759-R, 4-02-00759-R, 4-03-00759-R"
"Банк России 04.12.2023 принял решение о государственной регистрации выпусков неконвертируемых процентных бездокументарных облигаций с залоговым обеспечением денежными требованиями классов «А», «Б» и «В» общества с ограниченной ответственностью Специализированного финансового общества «Меркурий» (г. Москва), размещаемых путем закрытой подписки. Выпускам ценных бумаг присвоены регистрационные номера 4-01-00759-R, 4-02-00759-R и 4-03-00759-R.","4-01-00759-R, 4-02-00759-R, 4-03-00759-R"
"Банк России 21.09.2023 принял решение о государственной регистрации выпусков неконвертируемых процентных бездокументарных облигаций с залоговым обеспечением серий 01 и 02 ОБЩЕСТВА С ОГРАНИЧЕННОЙ ОТВЕТСТВЕННОСТЬЮ «СПЕЦИАЛИЗИРОВАННОЕ ФИНАНСОВОЕ ОБЩЕСТВО «ПРОЕКТ НТ 1» (г. Москва), размещаемых путем закрытой подписки. Выпускам ценных бумаг присвоены регистрационные номера 4-01-00736-R и 4-02-00736-R.","4-01-00736-R, 4-02-00736-R"
"Банк России 25.09.2023 принял решение о государственной регистрации изменений в решение о выпуске неконвертируемых процентных бездокументарных облигаций с залоговым обеспечением денежными требованиями общества с ограниченной ответственностью «Специализированное финансовое общество Легал Финанс» (г. Москва), регистрационный номер выпуска 4-01-00621-R.",4-01-00621-R
"Банк России 28.09.2023 принял решение о государственной регистрации выпуска неконвертируемых процентных бездокументарных облигаций серии ЗО25 общества с ограниченной ответственностью «Мэйл.Ру Финанс» (г. Москва), размещаемых путем открытой подписки. Выпуску ценных бумаг присвоен регистрационный номер 4-01-00566-R.",4-01-00566-R
"Банк России 28.09.2023 принял решение о государственной регистрации выпуска неконвертируемых процентных бездокументарных облигаций серии ЗО25 общества с ограниченной ответственностью «Мэйл.Ру Финанс» (г. Москва), размещаемых путем открытой подписки. Выпуску ценных бумаг присвоен регистрационный номер 4-01-00566-R.",4-01-00566-R
"Банк России 28.09.2023 принял решение о государственной регистрации выпуска облигаций неконвертируемых процентных бездокументарных  с централизованным учетом прав серии ГПБ-Т2-05Р, со сроком погашения в 20111 день с даты начала размещения облигаций, с возможностью досрочного погашения по усмотрению эмитента, размещаемый в рамках программы облигаций «Газпромбанк» (Акционерное общество) (г.Москва), регистрационный номер выпуска ценных бумаг 4-01-00354-В-004P.Облигационный заем содержит отдельные условия, удовлетворяющие понятию субординированного займа, определенному статьей 25.1 Федерального закона от 12.12.1990 № 395-1 «О банках и банковской деятельности» и Положением Банка России от 04.07.2018 № 646-П «О методике определения собственных средств (капитала) кредитных организаций («Базель III»)».",4-01-00354-В-004P
"Банк России 01.02.2024 принял решение о государственной регистрации программы неконвертируемых процентных бездокументарных облигаций серии 001Р и выпусков неконвертируемых процентных бездокументарных облигаций серий 01 и 02, размещаемых в рамках программы облигаций серии 001Р, государственной корпорации по содействию разработке, производству и экспорту высокотехнологичной промышленной продукции «Ростех» (г. Москва). Программе облигаций и выпускам ценных бумаг присвоены регистрационные номера 4-00016-Т-002P, 4-01-00016-Т-002P и 4-02-00016-Т-002P соответственно.","4-00016-Т-002P, 4-01-00016-Т-002P, 4-02-00016-Т-002P"
"Банк России 01.02.2024 принял решение о государственной регистрации программы неконвертируемых процентных бездокументарных облигаций серии 001Р и выпусков неконвертируемых процентных бездокументарных облигаций серий 01 и 02, размещаемых в рамках программы облигаций серии 001Р, государственной корпорации по содействию разработке, производству и экспорту высокотехнологичной промышленной продукции «Ростех» (г. Москва). Программе облигаций и выпускам ценных бумаг присвоены регистрационные номера 4-00016-Т-002P, 4-01-00016-Т-002P и 4-02-00016-Т-002P соответственно.","4-00016-Т-002P, 4-01-00016-Т-002P, 4-02-00016-Т-002P"
"Банк России 01.02.2024 принял решение о государственной регистрации программы неконвертируемых процентных бездокументарных облигаций серии 001Р и выпусков неконвертируемых процентных бездокументарных облигаций серий 01 и 02, размещаемых в рамках программы облигаций серии 001Р, государственной корпорации по содействию разработке, производству и экспорту высокотехнологичной промышленной продукции «Ростех» (г. Москва). Программе облигаций и выпускам ценных бумаг присвоены регистрационные номера 4-00016-Т-002P, 4-01-00016-Т-002P и 4-02-00016-Т-002P соответственно.","4-00016-Т-002P, 4-01-00016-Т-002P, 4-02-00016-Т-002P"
"Банк России 16.11.2023 принял решение о государственной регистрации программы неконвертируемых процентных бездокументарных облигаций серии 001Р и выпуска неконвертируемых процентных бездокументарных облигаций серии 001Р-01, размещаемых в рамках программы облигаций серии 001Р, федерального государственного унитарного предприятия «Производственное объединение «Маяк» (Челябинская область). Программе облигаций и выпуску ценных бумаг присвоены регистрационные номера 4-00015-T-001P и 4-01-00015-T-001P соответственно.","4-00015-T-001P, 4-01-00015-T-001P"
"Банк России 04.04.2024 принял решение о государственной регистрации изменений в проспект неконвертируемых процентных бездокументарных облигаций с залоговым обеспечением публично-правовой компании по формированию комплексной системы обращения с твердыми коммунальными отходами «Российский экологический оператор» (г. Москва), регистрационный номер программы облигаций 4-00009-Т-001P.",4-00009-Т-001P
"Банк России 28.02.2024 принял решение о государственной регистрации отчета об итогах выпуска привилегированных акций типа А Акционерного общества «РСП» (г. Москва), размещенных путем обмена на акции акционерного общества, создаваемого в результате преобразования, долей участников в уставном капитале преобразуемого в форме преобразования Общества с ограниченной ответственностью «РСП», регистрационный номер выпуска 2-01-87597-H.",2-01-87597-H
Банк России 29.02.2024 принял решение об аннулировании индивидуального кода 004D дополнительного выпуска обыкновенных акций Акционерного общества «Акционерно-коммерческий банк реконструкции и развития «Экономбанк» (Саратовская область) с регистрационным номером 10201319В004D от 16.10.2023.,10201319В004D
"Банк России 18.09.2023 принял решение об отказе в государственной регистрации изменений в документ, содержащий условия размещения обыкновенных акций АКЦИОНЕРНОГО ОБЩЕСТВА НАЦИОНАЛЬНЫЙ БАНК СБЕРЕЖЕНИЙ (Ивановская область), регистрационный номер дополнительного выпуска 10101949B003D.",10101949B003D
"Банк России 18.09.2023 принял решение о государственной регистрации дополнительного выпуска обыкновенных акций КОММЕРЧЕСКОГО БАНКА «ЭНЕРГОТРАНСБАНК» акционерное общество (Калининградская область), размещаемых путем закрытой подписки. Дополнительному выпуску ценных бумаг присвоен регистрационный номер 10101307В002D.",10101307В002D
"Банк России 28.09.2023 принял решение о государственной регистрации изменений в документ, содержащий условия размещения обыкновенных акций акционерного общества «НПО Энергомаш имени академика В.П. Глушко» (Московская область), регистрационный номер дополнительного выпуска 1-03-01375-A-010D.",1-03-01375-A-010D
Банк России 25.07.2024 принял решение об аннулировании индивидуальных кодов 004D и 006D дополнительных выпусков обыкновенных акций акционерного общества «Научно-производственное объединение дальней радиолокации имени академика А.Л. Минца» (г. Москва) с регистрационными номерами 1-02-05186-A-004D и 1-02-05186-A-006D от 08.12.2023.,"1-02-05186-A-004D, 1-02-05186-A-006D"
"Банк России 26.04.2024 принял решение о государственной регистрации отчета об итогах выпуска обыкновенных акций Акционерного общества «ЛАНИТ-Консалтинг» (г. Москва), размещенных путем обмена на акции акционерного общества, создаваемого в результате преобразования, долей участников в уставном капитале реорганизуемого в форме преобразования Общества с ограниченной ответственностью «ЛАНИТ-Консалтинг», регистрационный номер выпуска 1-01-87649-H.",1-01-87649-H
"Банк России 18.09.2023 принял решение о государственной регистрации выпуска акций обыкновенных Акционерного общества «Станки и инструмент» (Ивановская область), размещаемых путем обмена на акции акционерного общества, создаваемого в результате преобразования, долей участников в уставном капитале реорганизуемого в форме преобразования Общества с ограниченной ответственностью «Станки и инструмент». Выпуску ценных бумаг присвоен регистрационный номер 1-01-87583-H.Решение о государственной регистрации указанного выпуска ценных бумаг вступает в силу с даты государственной регистрации Акционерного общества «Станки и инструмент».",1-01-87583-H
"Банк России 22.11.2023 принял решение о государственной регистрации отчета об итогах выпуска обыкновенных акций Акционерного общества «РЕАЛ-ЭСТЭЙТ» (г. Москва), размещенных путем обмена на акции акционерного общества, создаваемого в результате преобразования, долей участников в уставном капитале реорганизуемого в форме преобразования Общества с ограниченной ответственностью «РЕАЛ-ЭСТЭЙТ», регистрационный номер выпуска 1-01-87571-Н.",1-01-87571-Н
"Банк России 23.07.2024 принял решение об отказе в регистрации проспекта обыкновенных и привилегированных акций публичного акционерного общества«Торговый центр «Красноярье» (Красноярский край), государственные регистрационные номера выпусков 1-01-70038-N от 20.12.1995 и 2-01-70038-N от 31.07.1996.","1-01-70038-N, 2-01-70038-N"
"Банк России 17.09.2024 принял решение о государственной регистрации выпуска акций обыкновенных акционерного общества """"Углегорское дорожное ремонтно-строительное управление"""" (Сахалинская область), размещаемых путем приобретения акций акционерного общества, создаваемого в результате преобразования, Российской Федерацией, субъектом Российской Федерации или муниципальным образованием, являющимся собственником имущества реорганизуемого в форме преобразования государственного унитарного предприятия Сахалинской области """"Углегорское дорожное ремонтно-строительное управление"""". Выпуску ценных бумаг присвоен регистрационный номер 1-01-59337-N.Решение о государственной регистрации указанного выпуска ценных бумаг вступает в силу с даты государственной регистрации акционерного общества """"Углегорское дорожное ремонтно-строительное управление"""".",1-01-59337-N
"Банк России 16.11.2023 принял решение о государственной регистрации выпуска акций обыкновенных акционерного общества """"Минерал"""" (Республика Бурятия), размещаемых путем обмена на акции акционерного общества, создаваемого в результате преобразования, долей участников в уставном капитале реорганизуемого в форме преобразования общества с ограниченной ответственностью """"Минерал"""". Выпуску ценных бумаг присвоен регистрационный номер 1-01-59322-N.Решение о государственной регистрации указанного выпуска ценных бумаг вступает в силу с даты государственной регистрации акционерного общества """"Минерал"""".",1-01-59322-N
"Банк России от 07.11.2023 принял решение о государственной регистрации отчета об итогах дополнительного выпуска акций обыкновенных акционерного общества """"МЕЖДУНАРОДНЫЙ АВИАТЕРМИНАЛ ХАБАРОВСК"""" (Хабаровский край), размещенных путем распределения среди акционеров, регистрационный номер дополнительного выпуска 1-01-59235-N-001D.",1-01-59235-N-001D
"Банк России 21.09.2023 принял решение о государственной регистрации дополнительного выпуска обыкновенных акций акционерного общества «Особая экономическая зона «Иннополис» (Республика Татарстан), размещаемых путем закрытой подписки. Дополнительному выпуску ценных бумаг присвоен регистрационный номер 1-01-57384-D-004D.",1-01-57384-D-004D
Банк России 29.02.2024 принял решение об аннулировании индивидуального кода 004D дополнительного выпуска обыкновенных акций Акционерного общества «Корпорация развития Орловской области» (Орловская область) с регистрационным номером 1-01-43871-A-004D от 18.08.2022.,1-01-43871-A-004D
"Банк России 29.02.2024 принял решение о государственной регистрации отчета об итогах выпуска обыкновенных акций акционерного общества «СКС» (Новосибирская область), размещенных путем обмена на акции акционерного общества, создаваемого в результате преобразования, долей участников в уставном капитале реорганизуемого в форме преобразования общества с ограниченной ответственностью «СКС», регистрационный номер выпуска 1-01-36277-N.",1-01-36277-N
Банк России 08.11.2023 принял решение об аннулировании индивидуального кода 003D дополнительного выпуска обыкновенных  акций акционерного общества «Водоканал» (Тюменская область) с регистрационным номером 1-01-33067-D-003D от 25.05.2023.,1-01-33067-D-003D
"Банк России 02.09.2024 принял решение о государственной регистрации дополнительного выпуска обыкновенных акций Акционерного общества «Слагетек Рус» (Санкт-Петербург), размещаемых путем закрытой подписки. Дополнительному выпуску ценных бумаг присвоен регистрационный номер 1-01-32311-J-001D.",1-01-32311-J-001D
Банк России 29.02.2024 принял решение об аннулировании индивидуального кода 003D дополнительного выпуска обыкновенных акций акционерного общества «Краевое автотранспортное предприятие» (Красноярский край) с регистрационным номером 1-01-30218-N-003D от 04.09.2023.,1-01-30218-N-003D
"Банк России 08.11.2023 принял решение о государственной регистрации выпуска акций обыкновенных акционерного общества «Три Штурма» (Республика Крым), размещаемых путем приобретения акций акционерного общества, создаваемого в результате преобразования, муниципальным образованием, являющимся собственником имущества реорганизуемого в форме преобразования муниципального унитарного предприятия муниципального образования городской округ Красноперекопск Республика Крым «Три Штурма». Выпуску ценных бумаг присвоен регистрационный номер 1-01-16769-A.Решение о регистрации указанного выпуска ценных бумаг вступает в силу с даты государственной регистрации акционерного общества «Три Штурма».",1-01-16769-A
"Банк России 21.09.2023 принял решение о государственной регистрации выпуска обыкновенных акций акционерного общества «Экотехпром» (г. Москва), размещаемых путем приобретения акций акционерного общества, создаваемого в результате преобразования, субъектом Российской Федерации, являющимся собственником имущества реорганизуемого в форме преобразования государственного унитарного предприятия города Москвы «Экотехпром». Выпуску ценных бумаг присвоен регистрационный номер 1-01-16756-A.Решение о государственной регистрации указанного выпуска ценных бумаг вступает в силу с даты государственной регистрации акционерного общества «Экотехпром».",1-01-16756-A
"Банк России 27.04.2024 принял решение о государственной регистрации дополнительного выпуска и регистрации проспекта обыкновенных акций публичного акционерного общества «Элемент» (г. Москва), размещаемых путем открытой подписки. Дополнительному выпуску ценных бумаг присвоен регистрационный номер 1-01-16673-А.Решение о государственной регистрации дополнительного выпуска акций и о регистрации проспекта акций при приобретении обществом публичного статуса вступают в силу со дня внесения в единый государственный реестр юридических лиц сведений о фирменном наименовании общества, содержащем указание на то, что общество является публичным.",1-01-16673-А
Банк России 29.02.2024 принял решение об аннулировании индивидуального кода 004D дополнительного выпуска акций обыкновенных акционерного общества «Детский оздоровительный центр «Воронеж» (Республика Крым) с регистрационным номером 1-01-16429-А-004D от 25.07.2023.,1-01-16429-А-004D
"Банк России 22.11.2023 принял решение о государственной регистрации отчета об итогах дополнительного выпуска акций обыкновенных акционерного общества «Детский оздоровительный центр «Воронеж» (Республика Крым), размещённых путем закрытой подписки, регистрационный номер дополнительного выпуска 1-01-16429-А-004D.",1-01-16429-А-004D
"Банк России 18.09.2023 принял решение о возобновлении эмиссии и государственной регистрации дополнительного выпуска акций обыкновенных Акционерного общества «Ростовский межотраслевой сервис» (Ярославская область), размещаемых путем закрытой подписки. Дополнительному выпуску ценных бумаг присвоен регистрационный номер 1-01-15135-А-001D.",1-01-15135-А-001D
"Банк России 28.09.2023 принял решение о государственной регистрации дополнительного выпуска обыкновенных акций акционерного общества «Исторический квартал» (Красноярский край), размещаемых путем закрытой подписки. Дополнительному выпуску ценных бумаг присвоен регистрационный номер 1-01-13305-F-004D.",1-01-13305-F-004D
"Банк России 26.02.2024 принял решение о государственной регистрации выпуска обыкновенных акций акционерного общества «Научно-производственная организация Логика Рус», (Ямало-Ненецкий автономный округ), размещаемых путем обмена на акции акционерного общества, создаваемого в результате преобразования, долей участников в уставном капитале реорганизуемого в форме преобразования общества с ограниченной ответственностью «Научно-производственная организация Логика Рус».Выпуску ценных бумаг присвоен регистрационный номер 1-01-13268-К. Решение о государственной регистрации указанного выпуска ценных бумаг вступает в силу с даты государственной регистрации акционерного общества «Научно-производственная организация Логика Рус».",1-01-13268-К
"Банк России 28.02.2024 принял решение о государственной регистрации выпуска акций обыкновенных акционерного общества «ПОЛИМЕРПЛАСТ» (Самарская область), размещаемых путем обмена на акции акционерного общества, создаваемого в результате преобразования, долей участников в уставном капитале реорганизуемого в форме преобразования общества с ограниченной ответственностью «ПОЛИМЕРПЛАСТ». Выпуску ценных бумаг присвоен регистрационный номер 1-01-10872-P.Решение о регистрации указанного выпуска ценных бумаг, вступает в силу с даты государственной регистрации акционерного общества «ПОЛИМЕРПЛАСТ».",1-01-10872-P
Банк России 23.11.2023 принял решение об аннулировании индивидуального кода 010D дополнительного выпуска обыкновенных акций акционерного общества «Росгеология» (г. Москва) с регистрационным номером 1-01-09835-A-010D от 15.06.2023.,1-01-09835-A-010D
Банк России 22.09.2023 принял решение об аннулировании индивидуального кода 001D дополнительного выпуска обыкновенных акций Акционерного общества «Тульское грузовое автотранспортное предприятие № 2» (Тульская область) с регистрационным номером 1-01-06289-A-001D от 21.02.2023.,1-01-06289-A-001D
"Банк России 22.11.2023 принял решение о государственной регистрации дополнительного выпуска обыкновенных акций Акционерного общества «Равенство» (Санкт-Петербург), размещаемых путем закрытой подписки. Дополнительному выпуску ценных бумаг присвоен регистрационный номер 1-01-03780-D-007D.",1-01-03780-D-007D
"Банк России 28.09.2023 принял решение о государственной регистрации дополнительного выпуска обыкновенных акций Акционерного общества «ШАРД» (г. Москва), размещаемых путем закрытой подписки. Дополнительному выпуску ценных бумаг присвоен регистрационный номер 1-01-03336-G-001D",1-01-03336-G-001D
"Банк России 26.04.2024 принял решение о государственной регистрации изменений в решение о выпуске обыкновенных акций Акционерного общества «Научно-исследовательский институт технико-экономических исследований» (г. Москва), государственный регистрационный номер выпуска 1-01-00567-А от 11.07.1994, путем регистрации решения о выпуске ценных бумаг.",1-01-00567-А